id,narrative_text,DV,SH,ST,CA,WH,OV,ipc_bns_section,evidence_notes,source,label_vector,active_labels
WSL_0669,My landlord made lewd comments about my body.,0,1,0,0,0,0,354 IPC / 74 BNS,public/private harassment incident,Synthetic-Template,"[0, 1, 0, 0, 0, 0]",['SH']
WSL_0057,A former colleague has been parking outside my workplace every evening.,0,0,1,0,0,0,354D IPC / 78 BNS,repeated unwanted contact/presence,Synthetic-Template,"[0, 0, 1, 0, 0, 0]",['ST']
WSL_0852,A man I rejected tracks my location constantly and also created a fake profile to message me.,0,0,1,1,0,0,354D IPC / IT Act,combined ST and CA,Synthetic-Template,"[0, 0, 1, 1, 0, 0]","['ST', 'CA']"
WSL_0896,My community sent moneylenders to threaten me for repayment.,0,0,0,0,0,1,"Case-specific, not clearly mapped",requires further context,Synthetic-Template,"[0, 0, 0, 0, 0, 1]",['OV']
WSL_0723,My ex-partner is threatening to post my private photos online.,0,0,0,1,0,0,66E IT Act / 77 BNS,digital harassment/privacy violation,Synthetic-Template,"[0, 0, 0, 1, 0, 0]",['CA']
WSL_0087,A local group forced me into an early marriage.,0,0,0,0,0,1,"Case-specific, not clearly mapped",requires further context,Synthetic-Template,"[0, 0, 0, 0, 0, 1]",['OV']
WSL_0835,A relative at a family function made suggestive comments while collecting money.,0,1,0,0,0,0,354 IPC / 74 BNS,public/private harassment incident,Synthetic-Template,"[0, 1, 0, 0, 0, 0]",['SH']
WSL_0937,A man on the bus touched me inappropriately and acted like nothing happened.,0,1,0,0,0,0,354 IPC / 74 BNS,public/private harassment incident,Synthetic-Template,"[0, 1, 0, 0, 0, 0]",['SH']
WSL_0689,My in-laws grabbed me by the hair and hit my head against the wall. It has gotten worse in the last few months.,1,0,0,0,0,0,498A IPC / 85 BNS,physical/verbal abuse pattern,Synthetic-Template,"[1, 0, 0, 0, 0, 0]",['DV']
WSL_0335,A rickshaw driver exposed himself to me in public.,0,1,0,0,0,0,354 IPC / 74 BNS,public/private harassment incident,Synthetic-Template,"[0, 1, 0, 0, 0, 0]",['SH']
WSL_0399,My mother-in-law pushes and shoves me during every argument. It happens almost every week.,1,0,0,0,0,0,498A IPC / 85 BNS,physical/verbal abuse pattern,Synthetic-Template,"[1, 0, 0, 0, 0, 0]",['DV']
WSL_0140,My husband and his mother restricts me from speaking to my friends. It has gotten worse in the last few months.,1,0,0,0,0,0,498A IPC / 85 BNS,physical/verbal abuse pattern,Synthetic-Template,"[1, 0, 0, 0, 0, 0]",['DV']
WSL_0468,A man I rejected on a matrimonial site left notes on my car every day for two weeks.,0,0,1,0,0,0,354D IPC / 78 BNS,repeated unwanted contact/presence,Synthetic-Template,"[0, 0, 1, 0, 0, 0]",['ST']
WSL_0935,My landlord tried to start inappropriate conversations repeatedly.,0,1,0,0,0,0,354 IPC / 74 BNS,public/private harassment incident,Synthetic-Template,"[0, 1, 0, 0, 0, 0]",['SH']
WSL_0594,My husband threatened to kill me if I told my parents. I am scared to go home most days now.,1,0,0,0,0,0,498A IPC / 85 BNS,physical/verbal abuse pattern,Synthetic-Template,"[1, 0, 0, 0, 0, 0]",['DV']
WSL_0970,My ex-boyfriend has started waiting outside my apartment building.,0,0,1,0,0,0,354D IPC / 78 BNS,repeated unwanted contact/presence,Synthetic-Template,"[0, 0, 1, 0, 0, 0]",['ST']
WSL_0097,My community forced me into an early marriage.,0,0,0,0,0,1,"Case-specific, not clearly mapped",requires further context,Synthetic-Template,"[0, 0, 0, 0, 0, 1]",['OV']
WSL_0486,A man from my building waits outside my house every morning.,0,0,1,0,0,0,354D IPC / 78 BNS,repeated unwanted contact/presence,Synthetic-Template,"[0, 0, 1, 0, 0, 0]",['ST']
WSL_0219,My husband controls my finances and beats me and is blackmailing me with our private videos.,1,0,0,1,0,0,498A IPC / 66E IT Act,combined DV and CA,Synthetic-Template,"[1, 0, 0, 1, 0, 0]","['DV', 'CA']"
WSL_0345,My brother-in-law keeps demanding more dowry from my parents. I am scared to go home most days now.,1,0,0,0,0,0,498A IPC / 85 BNS,physical/verbal abuse pattern,Synthetic-Template,"[1, 0, 0, 0, 0, 0]",['DV']
WSL_0596,An anonymous account leaked my private photos online.,0,0,0,1,0,0,66E IT Act / 77 BNS,digital harassment/privacy violation,Synthetic-Template,"[0, 0, 0, 1, 0, 0]",['CA']
WSL_0363,A man from my building left notes on my car every day for two weeks.,0,0,1,0,0,0,354D IPC / 78 BNS,repeated unwanted contact/presence,Synthetic-Template,"[0, 0, 1, 0, 0, 0]",['ST']
WSL_0360,My in-laws are threatening me over a property dispute.,0,0,0,0,0,1,"Case-specific, not clearly mapped",requires further context,Synthetic-Template,"[0, 0, 0, 0, 0, 1]",['OV']
WSL_0334,A man on the bus catcalled and followed me for several blocks.,0,1,0,0,0,0,354 IPC / 74 BNS,public/private harassment incident,Synthetic-Template,"[0, 1, 0, 0, 0, 0]",['SH']
WSL_0266,A delivery man touched me inappropriately and acted like nothing happened.,0,1,0,0,0,0,354 IPC / 74 BNS,public/private harassment incident,Synthetic-Template,"[0, 1, 0, 0, 0, 0]",['SH']
WSL_0750,My in-laws humiliates me in front of guests every time they visit. It has gotten worse in the last few months.,1,0,0,0,0,0,498A IPC / 85 BNS,physical/verbal abuse pattern,Synthetic-Template,"[1, 0, 0, 0, 0, 0]",['DV']
WSL_0089,My in-laws physically abuse me regularly and are threatening my life over property.,1,0,0,0,0,1,498A IPC / case-specific,combined DV and OV,Synthetic-Template,"[1, 0, 0, 0, 0, 1]","['DV', 'OV']"
WSL_0735,My husband and his mother pushed me down the stairs during a fight. I am scared to go home most days now.,1,0,0,0,0,0,498A IPC / 85 BNS,physical/verbal abuse pattern,Synthetic-Template,"[1, 0, 0, 0, 0, 0]",['DV']
WSL_0071,My father-in-law pushed me down the stairs during a fight. This has been going on for over a year.,1,0,0,0,0,0,498A IPC / 85 BNS,physical/verbal abuse pattern,Synthetic-Template,"[1, 0, 0, 0, 0, 0]",['DV']
WSL_0712,My father-in-law keeps demanding more dowry from my parents. This started right after our marriage.,1,0,0,0,0,0,498A IPC / 85 BNS,physical/verbal abuse pattern,Synthetic-Template,"[1, 0, 0, 0, 0, 0]",['DV']
WSL_0969,My team lead keeps making sexual jokes and excludes me from meetings when I object.,0,1,0,0,1,0,354A IPC / POSH Act,combined SH and WH,Synthetic-Template,"[0, 1, 0, 0, 1, 0]","['SH', 'WH']"
WSL_1012,My in-laws treat me like a servant and hit me whenever they feel the housework isn't done to their standard.,1,0,0,0,0,0,498A IPC,diverse narrative style,Synthetic-Diverse,"[1, 0, 0, 0, 0, 0]",['DV']
WSL_0299,My in-laws are threatening my life over an inheritance dispute.,0,0,0,0,0,1,"Case-specific, not clearly mapped",requires further context,Synthetic-Template,"[0, 0, 0, 0, 0, 1]",['OV']
WSL_1069,"My parents have been trying to force me into a marriage arrangement, and when I refused, they threatened to cut off all contact and support.",0,0,0,0,0,1,Case-specific,diverse narrative style,Synthetic-Diverse,"[0, 0, 0, 0, 0, 1]",['OV']
WSL_0498,An anonymous account made lewd comments about me publicly online and knows personal details about me.,0,1,0,1,0,0,509 IPC / IT Act Sec 67,combined SH and CA,Synthetic-Template,"[0, 1, 0, 1, 0, 0]","['SH', 'CA']"
WSL_0052,Someone from college leaked my private photos online.,0,0,0,1,0,0,66E IT Act / 77 BNS,digital harassment/privacy violation,Synthetic-Template,"[0, 0, 0, 1, 0, 0]",['CA']
WSL_0945,My supervisor hinted that my promotion depends on personal favors.,0,0,0,0,1,0,POSH Act Sec 2n,workplace harassment pattern,Synthetic-Template,"[0, 0, 0, 0, 1, 0]",['WH']
WSL_0758,A classmate keeps calling me from different numbers.,0,0,1,0,0,0,354D IPC / 78 BNS,repeated unwanted contact/presence,Synthetic-Template,"[0, 0, 1, 0, 0, 0]",['ST']
WSL_1064,"Since I turned down my supervisor's advances, I've noticed I'm being deliberately excluded from important projects.",0,0,0,0,1,0,POSH Act Sec 2n,diverse narrative style,Synthetic-Diverse,"[0, 0, 0, 0, 1, 0]",['WH']
WSL_0561,My husband's family broke my arm last year during a fight. It has gotten worse in the last few months.,1,0,0,0,0,0,498A IPC / 85 BNS,physical/verbal abuse pattern,Synthetic-Template,"[1, 0, 0, 0, 0, 0]",['DV']
WSL_0800,My brother-in-law restricts me from speaking to my friends. It happens almost every week.,1,0,0,0,0,0,498A IPC / 85 BNS,physical/verbal abuse pattern,Synthetic-Template,"[1, 0, 0, 0, 0, 0]",['DV']
WSL_0102,My father-in-law took my salary and gives me no money. It happens almost every week.,1,0,0,0,0,0,498A IPC / 85 BNS,physical/verbal abuse pattern,Synthetic-Template,"[1, 0, 0, 0, 0, 0]",['DV']
WSL_0606,Someone from my past sends me sexually explicit messages and also threatened to find where I live.,0,1,0,1,0,0,509 IPC / IT Act Sec 67,combined SH and CA,Synthetic-Template,"[0, 1, 0, 1, 0, 0]","['SH', 'CA']"
WSL_0725,A vendor at work keeps asking me to stay back late alone with him.,0,0,0,0,1,0,POSH Act Sec 2n,workplace harassment pattern,Synthetic-Template,"[0, 0, 0, 0, 1, 0]",['WH']
WSL_0480,My landlord tried to corner me and touch me against my will.,0,1,0,0,0,0,354 IPC / 74 BNS,public/private harassment incident,Synthetic-Template,"[0, 1, 0, 0, 0, 0]",['SH']
WSL_0863,A man I rejected hacked my email to message my contacts inappropriately.,0,0,0,1,0,0,66E IT Act / 77 BNS,digital harassment/privacy violation,Synthetic-Template,"[0, 0, 0, 1, 0, 0]",['CA']
WSL_0221,A senior colleague makes sexual jokes directed at me in front of the team.,0,0,0,0,1,0,POSH Act Sec 2n,workplace harassment pattern,Synthetic-Template,"[0, 0, 0, 0, 1, 0]",['WH']
WSL_0320,My manager shared inappropriate content about me in the team group chat.,0,0,0,0,1,0,POSH Act Sec 2n,workplace harassment pattern,Synthetic-Template,"[0, 0, 0, 0, 1, 0]",['WH']
WSL_0310,An anonymous account is sending me rape threats through anonymous accounts.,0,0,0,1,0,0,66E IT Act / 77 BNS,digital harassment/privacy violation,Synthetic-Template,"[0, 0, 0, 1, 0, 0]",['CA']
WSL_0539,My husband's family humiliates me in front of guests every time they visit. This has been going on for over a year.,1,0,0,0,0,0,498A IPC / 85 BNS,physical/verbal abuse pattern,Synthetic-Template,"[1, 0, 0, 0, 0, 0]",['DV']
WSL_0322,A guest at a party made suggestive comments while collecting money.,0,1,0,0,0,0,354 IPC / 74 BNS,public/private harassment incident,Synthetic-Template,"[0, 1, 0, 0, 0, 0]",['SH']
WSL_0424,My husband burnt my hand during an argument. This has been going on for over a year.,1,0,0,0,0,0,498A IPC / 85 BNS,physical/verbal abuse pattern,Synthetic-Template,"[1, 0, 0, 0, 0, 0]",['DV']
WSL_0811,My father-in-law pushes and shoves me during every argument. I am scared to go home most days now.,1,0,0,0,0,0,498A IPC / 85 BNS,physical/verbal abuse pattern,Synthetic-Template,"[1, 0, 0, 0, 0, 0]",['DV']
WSL_0756,My husband's family forced me to quit my job.,1,0,0,0,0,0,498A IPC / 85 BNS,physical/verbal abuse pattern,Synthetic-Template,"[1, 0, 0, 0, 0, 0]",['DV']
WSL_0761,My ex-boyfriend keeps following me from college to my bus stop every day.,0,0,1,0,0,0,354D IPC / 78 BNS,repeated unwanted contact/presence,Synthetic-Template,"[0, 0, 1, 0, 0, 0]",['ST']
WSL_0698,A man I don't know keeps appearing uninvited wherever I mention I'll be.,0,0,1,0,0,0,354D IPC / 78 BNS,repeated unwanted contact/presence,Synthetic-Template,"[0, 0, 1, 0, 0, 0]",['ST']
WSL_0032,My stepfather forced me to sign over my property documents. This has been going on for over a year.,1,0,0,0,0,0,498A IPC / 85 BNS,physical/verbal abuse pattern,Synthetic-Template,"[1, 0, 0, 0, 0, 0]",['DV']
WSL_0514,My family locked me in a room to stop me meeting someone.,0,0,0,0,0,1,"Case-specific, not clearly mapped",requires further context,Synthetic-Template,"[0, 0, 0, 0, 0, 1]",['OV']
WSL_0778,Someone from my past made lewd comments about me publicly online despite me blocking multiple accounts.,0,1,0,1,0,0,509 IPC / IT Act Sec 67,combined SH and CA,Synthetic-Template,"[0, 1, 0, 1, 0, 0]","['SH', 'CA']"
WSL_0390,A stranger at the market forcibly kissed me without my consent.,0,1,0,0,0,0,354 IPC / 74 BNS,public/private harassment incident,Synthetic-Template,"[0, 1, 0, 0, 0, 0]",['SH']
WSL_0478,My physiotherapist pressed himself against me deliberately in a crowd.,0,1,0,0,0,0,354 IPC / 74 BNS,public/private harassment incident,Synthetic-Template,"[0, 1, 0, 0, 0, 0]",['SH']
WSL_0395,My driving instructor made suggestive comments while collecting money.,0,1,0,0,0,0,354 IPC / 74 BNS,public/private harassment incident,Synthetic-Template,"[0, 1, 0, 0, 0, 0]",['SH']
WSL_0209,A relative at a family function tried to start inappropriate conversations repeatedly.,0,1,0,0,0,0,354 IPC / 74 BNS,public/private harassment incident,Synthetic-Template,"[0, 1, 0, 0, 0, 0]",['SH']
WSL_0287,My boss hinted that my promotion depends on personal favors.,0,0,0,0,1,0,POSH Act Sec 2n,workplace harassment pattern,Synthetic-Template,"[0, 0, 0, 0, 1, 0]",['WH']
WSL_1006,"Yesterday my husband threw a chair at me during an argument, and this isn't the first time something like this has happened.",1,0,0,0,0,0,498A IPC,diverse narrative style,Synthetic-Diverse,"[1, 0, 0, 0, 0, 0]",['DV']
WSL_0463,My father-in-law starves me for days as punishment. It happens almost every week.,1,0,0,0,0,0,498A IPC / 85 BNS,physical/verbal abuse pattern,Synthetic-Template,"[1, 0, 0, 0, 0, 0]",['DV']
WSL_0476,My family are threatening my life over an inheritance dispute.,0,0,0,0,0,1,"Case-specific, not clearly mapped",requires further context,Synthetic-Template,"[0, 0, 0, 0, 0, 1]",['OV']
WSL_1000,My community are threatening honor-based violence over my marriage choice.,0,0,0,0,0,1,"Case-specific, not clearly mapped",requires further context,Synthetic-Template,"[0, 0, 0, 0, 0, 1]",['OV']
WSL_0114,A man from my building keeps calling me from different numbers.,0,0,1,0,0,0,354D IPC / 78 BNS,repeated unwanted contact/presence,Synthetic-Template,"[0, 0, 1, 0, 0, 0]",['ST']
WSL_0829,Someone hacked my email to message my contacts inappropriately.,0,0,0,1,0,0,66E IT Act / 77 BNS,digital harassment/privacy violation,Synthetic-Template,"[0, 0, 0, 1, 0, 0]",['CA']
WSL_0179,A stranger online created a fake profile using my photos to message my friends.,0,0,0,1,0,0,66E IT Act / 77 BNS,digital harassment/privacy violation,Synthetic-Template,"[0, 0, 0, 1, 0, 0]",['CA']
WSL_0487,My ex-partner is sending me rape threats through anonymous accounts.,0,0,0,1,0,0,66E IT Act / 77 BNS,digital harassment/privacy violation,Synthetic-Template,"[0, 0, 0, 1, 0, 0]",['CA']
WSL_1081,"My in-laws have been physically abusive since my husband passed away, and they're now also threatening to take away my inheritance.",1,0,0,0,0,1,498A IPC / case-specific,diverse multi-issue narrative,Synthetic-Diverse,"[1, 0, 0, 0, 0, 1]","['DV', 'OV']"
WSL_0824,A man I matched with online leaked my private photos online.,0,0,0,1,0,0,66E IT Act / 77 BNS,digital harassment/privacy violation,Synthetic-Template,"[0, 0, 0, 1, 0, 0]",['CA']
WSL_0842,Someone I rejected online keeps appearing uninvited wherever I mention I'll be.,0,0,1,0,0,0,354D IPC / 78 BNS,repeated unwanted contact/presence,Synthetic-Template,"[0, 0, 1, 0, 0, 0]",['ST']
WSL_0914,A man I rejected on a matrimonial site keeps messaging me obsessively despite being blocked.,0,0,1,0,0,0,354D IPC / 78 BNS,repeated unwanted contact/presence,Synthetic-Template,"[0, 0, 1, 0, 0, 0]",['ST']
WSL_0437,A man I rejected is sending me rape threats through anonymous accounts.,0,0,0,1,0,0,66E IT Act / 77 BNS,digital harassment/privacy violation,Synthetic-Template,"[0, 0, 0, 1, 0, 0]",['CA']
WSL_0702,A man in the metro touched me inappropriately and acted like nothing happened.,0,1,0,0,0,0,354 IPC / 74 BNS,public/private harassment incident,Synthetic-Template,"[0, 1, 0, 0, 0, 0]",['SH']
WSL_0936,A man on the street touched me inappropriately and acted like nothing happened.,0,1,0,0,0,0,354 IPC / 74 BNS,public/private harassment incident,Synthetic-Template,"[0, 1, 0, 0, 0, 0]",['SH']
WSL_1003,I don't know what to do anymore — my husband hit me so hard last night that I could barely stand.,1,0,0,0,0,0,498A IPC,diverse narrative style,Synthetic-Diverse,"[1, 0, 0, 0, 0, 0]",['DV']
WSL_0108,My community tried to forcibly take me away from a public place.,0,0,0,0,0,1,"Case-specific, not clearly mapped",requires further context,Synthetic-Template,"[0, 0, 0, 0, 0, 1]",['OV']
WSL_1004,"Ever since I lost my job, my husband has become more controlling and hits me over the smallest things.",1,0,0,0,0,0,498A IPC,diverse narrative style,Synthetic-Diverse,"[1, 0, 0, 0, 0, 0]",['DV']
WSL_0159,A client keeps commenting on my appearance during meetings.,0,0,0,0,1,0,POSH Act Sec 2n,workplace harassment pattern,Synthetic-Template,"[0, 0, 0, 0, 1, 0]",['WH']
WSL_0540,My father-in-law forced me to sign over my property documents. This has been going on for over a year.,1,0,0,0,0,0,498A IPC / 85 BNS,physical/verbal abuse pattern,Synthetic-Template,"[1, 0, 0, 0, 0, 0]",['DV']
WSL_0276,An anonymous account made lewd comments about me publicly online and also threatened to find where I live.,0,1,0,1,0,0,509 IPC / IT Act Sec 67,combined SH and CA,Synthetic-Template,"[0, 1, 0, 1, 0, 0]","['SH', 'CA']"
WSL_0921,A client denied me a raise after I rejected his advances.,0,0,0,0,1,0,POSH Act Sec 2n,workplace harassment pattern,Synthetic-Template,"[0, 0, 0, 0, 1, 0]",['WH']
WSL_0890,A senior executive sends me inappropriate messages on our work chat.,0,0,0,0,1,0,POSH Act Sec 2n,workplace harassment pattern,Synthetic-Template,"[0, 0, 0, 0, 1, 0]",['WH']
WSL_0520,My father-in-law hits me whenever he comes home drunk. I am scared to go home most days now.,1,0,0,0,0,0,498A IPC / 85 BNS,physical/verbal abuse pattern,Synthetic-Template,"[1, 0, 0, 0, 0, 0]",['DV']
WSL_0708,A guest at a party made inappropriate comments during a private session.,0,1,0,0,0,0,354 IPC / 74 BNS,public/private harassment incident,Synthetic-Template,"[0, 1, 0, 0, 0, 0]",['SH']
WSL_0060,My manager touched me without consent and threatens my job when I complain.,0,1,0,0,1,0,354A IPC / POSH Act,combined SH and WH,Synthetic-Template,"[0, 1, 0, 0, 1, 0]","['SH', 'WH']"
WSL_0142,My manager makes inappropriate comments about my appearance and excludes me from meetings when I object.,0,1,0,0,1,0,354A IPC / POSH Act,combined SH and WH,Synthetic-Template,"[0, 1, 0, 0, 1, 0]","['SH', 'WH']"
WSL_0291,A man from my building keeps messaging me obsessively despite being blocked.,0,0,1,0,0,0,354D IPC / 78 BNS,repeated unwanted contact/presence,Synthetic-Template,"[0, 0, 1, 0, 0, 0]",['ST']
WSL_0977,A senior executive keeps making comments implying I should be friendlier.,0,0,0,0,1,0,POSH Act Sec 2n,workplace harassment pattern,Synthetic-Template,"[0, 0, 0, 0, 1, 0]",['WH']
WSL_0448,A coworker made inappropriate physical contact during training.,0,0,0,0,1,0,POSH Act Sec 2n,workplace harassment pattern,Synthetic-Template,"[0, 0, 0, 0, 1, 0]",['WH']
WSL_1008,My father-in-law shouted at me and hit me on the head when I couldn't finish the housework on time.,1,0,0,0,0,0,498A IPC,diverse narrative style,Synthetic-Diverse,"[1, 0, 0, 0, 0, 0]",['DV']
WSL_0888,My in-laws tried to forcibly take me away from a public place.,0,0,0,0,0,1,"Case-specific, not clearly mapped",requires further context,Synthetic-Template,"[0, 0, 0, 0, 0, 1]",['OV']
WSL_0024,My team lead makes inappropriate comments about my appearance and excludes me from meetings when I object.,0,1,0,0,1,0,354A IPC / POSH Act,combined SH and WH,Synthetic-Template,"[0, 1, 0, 0, 1, 0]","['SH', 'WH']"
WSL_1040,"He somehow always knows where I am, even places I haven't posted about online — I think he's been tracking me somehow.",0,0,1,0,0,0,354D IPC / IT Act,diverse narrative style,Synthetic-Diverse,"[0, 0, 1, 0, 0, 0]",['ST']
WSL_0741,My relatives tried to forcibly take me away from a public place.,0,0,0,0,0,1,"Case-specific, not clearly mapped",requires further context,Synthetic-Template,"[0, 0, 0, 0, 0, 1]",['OV']
WSL_0515,My husband's family have been cruel to me since marriage and are threatening my life over property.,1,0,0,0,0,1,498A IPC / case-specific,combined DV and OV,Synthetic-Template,"[1, 0, 0, 0, 0, 1]","['DV', 'OV']"
WSL_0199,A man I don't know keeps messaging me obsessively despite being blocked.,0,0,1,0,0,0,354D IPC / 78 BNS,repeated unwanted contact/presence,Synthetic-Template,"[0, 0, 1, 0, 0, 0]",['ST']
WSL_0537,Someone is posting fake defamatory comments about me publicly.,0,0,0,1,0,0,66E IT Act / 77 BNS,digital harassment/privacy violation,Synthetic-Template,"[0, 0, 0, 1, 0, 0]",['CA']
WSL_0697,My in-laws slaps me in front of the children.,1,0,0,0,0,0,498A IPC / 85 BNS,physical/verbal abuse pattern,Synthetic-Template,"[1, 0, 0, 0, 0, 0]",['DV']
WSL_0928,My ex-boyfriend keeps sending me abusive explicit messages.,0,0,0,1,0,0,66E IT Act / 77 BNS,digital harassment/privacy violation,Synthetic-Template,"[0, 0, 0, 1, 0, 0]",['CA']
WSL_0452,My team lead makes sexual jokes directed at me in front of the team.,0,0,0,0,1,0,POSH Act Sec 2n,workplace harassment pattern,Synthetic-Template,"[0, 0, 0, 0, 1, 0]",['WH']
WSL_0084,My neighbor appears at my gym at the exact same time every day.,0,0,1,0,0,0,354D IPC / 78 BNS,repeated unwanted contact/presence,Synthetic-Template,"[0, 0, 1, 0, 0, 0]",['ST']
WSL_0110,My team lead hinted that my promotion depends on personal favors.,0,0,0,0,1,0,POSH Act Sec 2n,workplace harassment pattern,Synthetic-Template,"[0, 0, 0, 0, 1, 0]",['WH']
WSL_0768,A rickshaw driver kept staring and making explicit comments.,0,1,0,0,0,0,354 IPC / 74 BNS,public/private harassment incident,Synthetic-Template,"[0, 1, 0, 0, 0, 0]",['SH']
WSL_0193,My neighbor watches my house through his window constantly.,0,0,1,0,0,0,354D IPC / 78 BNS,repeated unwanted contact/presence,Synthetic-Template,"[0, 0, 1, 0, 0, 0]",['ST']
WSL_0915,An anonymous account hacked my email to message my contacts inappropriately.,0,0,0,1,0,0,66E IT Act / 77 BNS,digital harassment/privacy violation,Synthetic-Template,"[0, 0, 0, 1, 0, 0]",['CA']
WSL_0454,My stepfather throws things at me during arguments. This started right after our marriage.,1,0,0,0,0,0,498A IPC / 85 BNS,physical/verbal abuse pattern,Synthetic-Template,"[1, 0, 0, 0, 0, 0]",['DV']
WSL_0232,A vendor at work threatened a bad review if I didn't meet him outside work.,0,0,0,0,1,0,POSH Act Sec 2n,workplace harassment pattern,Synthetic-Template,"[0, 0, 0, 0, 1, 0]",['WH']
WSL_0347,Someone from college is threatening to post my private photos online.,0,0,0,1,0,0,66E IT Act / 77 BNS,digital harassment/privacy violation,Synthetic-Template,"[0, 0, 0, 1, 0, 0]",['CA']
WSL_0479,A delivery man tried to start inappropriate conversations repeatedly.,0,1,0,0,0,0,354 IPC / 74 BNS,public/private harassment incident,Synthetic-Template,"[0, 1, 0, 0, 0, 0]",['SH']
WSL_0378,Someone from college keeps sending me threatening messages after I stopped replying.,0,0,0,1,0,0,66E IT Act / 77 BNS,digital harassment/privacy violation,Synthetic-Template,"[0, 0, 0, 1, 0, 0]",['CA']
WSL_0050,My relatives locked me in a room to stop me meeting someone.,0,0,0,0,0,1,"Case-specific, not clearly mapped",requires further context,Synthetic-Template,"[0, 0, 0, 0, 0, 1]",['OV']
WSL_0211,My manager keeps commenting on my appearance during meetings.,0,0,0,0,1,0,POSH Act Sec 2n,workplace harassment pattern,Synthetic-Template,"[0, 0, 0, 0, 1, 0]",['WH']
WSL_0356,My mother-in-law verbally abuses me daily in front of relatives. It happens almost every week.,1,0,0,0,0,0,498A IPC / 85 BNS,physical/verbal abuse pattern,Synthetic-Template,"[1, 0, 0, 0, 0, 0]",['DV']
WSL_0619,A classmate tracks my location through mutual friends.,0,0,1,0,0,0,354D IPC / 78 BNS,repeated unwanted contact/presence,Synthetic-Template,"[0, 0, 1, 0, 0, 0]",['ST']
WSL_0210,My ex-partner is spreading false rumors about me in group chats.,0,0,0,1,0,0,66E IT Act / 77 BNS,digital harassment/privacy violation,Synthetic-Template,"[0, 0, 0, 1, 0, 0]",['CA']
WSL_0077,A local group sent moneylenders to threaten me for repayment.,0,0,0,0,0,1,"Case-specific, not clearly mapped",requires further context,Synthetic-Template,"[0, 0, 0, 0, 0, 1]",['OV']
WSL_0600,My physiotherapist touched me inappropriately and acted like nothing happened.,0,1,0,0,0,0,354 IPC / 74 BNS,public/private harassment incident,Synthetic-Template,"[0, 1, 0, 0, 0, 0]",['SH']
WSL_0011,My in-laws have been cruel to me since marriage and have threatened my family over an inheritance dispute.,1,0,0,0,0,1,498A IPC / case-specific,combined DV and OV,Synthetic-Template,"[1, 0, 0, 0, 0, 1]","['DV', 'OV']"
WSL_0952,My team lead touched me without consent in front of the entire team.,0,1,0,0,1,0,354A IPC / POSH Act,combined SH and WH,Synthetic-Template,"[0, 1, 0, 0, 1, 0]","['SH', 'WH']"
WSL_0787,Someone from my past sent me obscene images repeatedly and also threatened to find where I live.,0,1,0,1,0,0,509 IPC / IT Act Sec 67,combined SH and CA,Synthetic-Template,"[0, 1, 0, 1, 0, 0]","['SH', 'CA']"
WSL_0337,A senior at college made lewd comments about my body.,0,1,0,0,0,0,354 IPC / 74 BNS,public/private harassment incident,Synthetic-Template,"[0, 1, 0, 0, 0, 0]",['SH']
WSL_0307,A delivery man forcibly kissed me without my consent.,0,1,0,0,0,0,354 IPC / 74 BNS,public/private harassment incident,Synthetic-Template,"[0, 1, 0, 0, 0, 0]",['SH']
WSL_0586,My former colleague is threatening to post my private photos online.,0,0,0,1,0,0,66E IT Act / 77 BNS,digital harassment/privacy violation,Synthetic-Template,"[0, 0, 0, 1, 0, 0]",['CA']
WSL_0627,My physiotherapist touched my hand inappropriately during a session.,0,1,0,0,0,0,354 IPC / 74 BNS,public/private harassment incident,Synthetic-Template,"[0, 1, 0, 0, 0, 0]",['SH']
WSL_0909,My boss cornered me in the pantry inappropriately.,0,0,0,0,1,0,POSH Act Sec 2n,workplace harassment pattern,Synthetic-Template,"[0, 0, 0, 0, 1, 0]",['WH']
WSL_0421,My driving instructor made lewd comments about my body.,0,1,0,0,0,0,354 IPC / 74 BNS,public/private harassment incident,Synthetic-Template,"[0, 1, 0, 0, 0, 0]",['SH']
WSL_0428,A delivery man kept staring and making explicit comments.,0,1,0,0,0,0,354 IPC / 74 BNS,public/private harassment incident,Synthetic-Template,"[0, 1, 0, 0, 0, 0]",['SH']
WSL_1078,"A senior colleague made inappropriate comments about my appearance for months, and when I complained, my manager quietly reduced my responsibilities.",0,1,0,0,1,0,354A IPC / POSH Act,diverse multi-issue narrative,Synthetic-Diverse,"[0, 1, 0, 0, 1, 0]","['SH', 'WH']"
WSL_0612,My manager makes sexual jokes directed at me in front of the team.,0,0,0,0,1,0,POSH Act Sec 2n,workplace harassment pattern,Synthetic-Template,"[0, 0, 0, 0, 1, 0]",['WH']
WSL_0500,A delivery man catcalled and followed me for several blocks.,0,1,0,0,0,0,354 IPC / 74 BNS,public/private harassment incident,Synthetic-Template,"[0, 1, 0, 0, 0, 0]",['SH']
WSL_0576,My manager hinted that my promotion depends on personal favors.,0,0,0,0,1,0,POSH Act Sec 2n,workplace harassment pattern,Synthetic-Template,"[0, 0, 0, 0, 1, 0]",['WH']
WSL_0645,My neighbor touched my hand inappropriately during a session.,0,1,0,0,0,0,354 IPC / 74 BNS,public/private harassment incident,Synthetic-Template,"[0, 1, 0, 0, 0, 0]",['SH']
WSL_0569,My ex-boyfriend keeps sending me threatening messages after I stopped replying.,0,0,0,1,0,0,66E IT Act / 77 BNS,digital harassment/privacy violation,Synthetic-Template,"[0, 0, 0, 1, 0, 0]",['CA']
WSL_0508,A relative at a family function groped me and disappeared into the crowd.,0,1,0,0,0,0,354 IPC / 74 BNS,public/private harassment incident,Synthetic-Template,"[0, 1, 0, 0, 0, 0]",['SH']
WSL_1031,My apartment complex's plumber made an inappropriate comment about my appearance and refused to leave when I asked him to.,0,1,0,0,0,0,509 IPC,diverse narrative style,Synthetic-Diverse,"[0, 1, 0, 0, 0, 0]",['SH']
WSL_0429,A man I matched with online morphed my photos and circulated them in a group chat.,0,0,0,1,0,0,66E IT Act / 77 BNS,digital harassment/privacy violation,Synthetic-Template,"[0, 0, 0, 1, 0, 0]",['CA']
WSL_0705,My landlord's men are pressuring me into a marriage I don't want.,0,0,0,0,0,1,"Case-specific, not clearly mapped",requires further context,Synthetic-Template,"[0, 0, 0, 0, 0, 1]",['OV']
WSL_0271,A senior at college tried to touch me before I managed to get away.,0,1,0,0,0,0,354 IPC / 74 BNS,public/private harassment incident,Synthetic-Template,"[0, 1, 0, 0, 0, 0]",['SH']
WSL_0261,My husband and his mother broke my arm last year during a fight. This started right after our marriage.,1,0,0,0,0,0,498A IPC / 85 BNS,physical/verbal abuse pattern,Synthetic-Template,"[1, 0, 0, 0, 0, 0]",['DV']
WSL_0887,A local group tried to forcibly take me away from a public place.,0,0,0,0,0,1,"Case-specific, not clearly mapped",requires further context,Synthetic-Template,"[0, 0, 0, 0, 0, 1]",['OV']
WSL_0446,A rickshaw driver tried to start inappropriate conversations repeatedly.,0,1,0,0,0,0,354 IPC / 74 BNS,public/private harassment incident,Synthetic-Template,"[0, 1, 0, 0, 0, 0]",['SH']
WSL_0079,My ex-boyfriend leaked my private photos online.,0,0,0,1,0,0,66E IT Act / 77 BNS,digital harassment/privacy violation,Synthetic-Template,"[0, 0, 0, 1, 0, 0]",['CA']
WSL_0821,My manager touched me without consent in front of the entire team.,0,1,0,0,1,0,354A IPC / POSH Act,combined SH and WH,Synthetic-Template,"[0, 1, 0, 0, 1, 0]","['SH', 'WH']"
WSL_0815,My stepfather threatened to kill me if I told my parents.,1,0,0,0,0,0,498A IPC / 85 BNS,physical/verbal abuse pattern,Synthetic-Template,"[1, 0, 0, 0, 0, 0]",['DV']
WSL_0905,My neighbor catcalled and followed me for several blocks.,0,1,0,0,0,0,354 IPC / 74 BNS,public/private harassment incident,Synthetic-Template,"[0, 1, 0, 0, 0, 0]",['SH']
WSL_0175,My husband pushed me down the stairs during a fight. I am scared to go home most days now.,1,0,0,0,0,0,498A IPC / 85 BNS,physical/verbal abuse pattern,Synthetic-Template,"[1, 0, 0, 0, 0, 0]",['DV']
WSL_0238,My internship supervisor denied me a raise after I rejected his advances.,0,0,0,0,1,0,POSH Act Sec 2n,workplace harassment pattern,Synthetic-Template,"[0, 0, 0, 0, 1, 0]",['WH']
WSL_0040,A man from my building keeps appearing uninvited wherever I mention I'll be.,0,0,1,0,0,0,354D IPC / 78 BNS,repeated unwanted contact/presence,Synthetic-Template,"[0, 0, 1, 0, 0, 0]",['ST']
WSL_0031,A rickshaw driver touched my hand inappropriately during a session.,0,1,0,0,0,0,354 IPC / 74 BNS,public/private harassment incident,Synthetic-Template,"[0, 1, 0, 0, 0, 0]",['SH']
WSL_0786,A former colleague left notes on my car every day for two weeks.,0,0,1,0,0,0,354D IPC / 78 BNS,repeated unwanted contact/presence,Synthetic-Template,"[0, 0, 1, 0, 0, 0]",['ST']
WSL_0137,My team lead threatened a bad review if I didn't meet him outside work.,0,0,0,0,1,0,POSH Act Sec 2n,workplace harassment pattern,Synthetic-Template,"[0, 0, 0, 0, 1, 0]",['WH']
WSL_0055,My stepfather slaps me in front of the children. It happens almost every week.,1,0,0,0,0,0,498A IPC / 85 BNS,physical/verbal abuse pattern,Synthetic-Template,"[1, 0, 0, 0, 0, 0]",['DV']
WSL_0784,A senior colleague keeps making sexual jokes in front of the entire team.,0,1,0,0,1,0,354A IPC / POSH Act,combined SH and WH,Synthetic-Template,"[0, 1, 0, 0, 1, 0]","['SH', 'WH']"
WSL_0278,A senior at college forced himself on me despite me saying no clearly.,0,1,0,0,0,0,354 IPC / 74 BNS,public/private harassment incident,Synthetic-Template,"[0, 1, 0, 0, 0, 0]",['SH']
WSL_0719,My in-laws hit me with a belt over a small disagreement. This started right after our marriage.,1,0,0,0,0,0,498A IPC / 85 BNS,physical/verbal abuse pattern,Synthetic-Template,"[1, 0, 0, 0, 0, 0]",['DV']
WSL_0923,My former colleague morphed my photos and circulated them in a group chat.,0,0,0,1,0,0,66E IT Act / 77 BNS,digital harassment/privacy violation,Synthetic-Template,"[0, 0, 0, 1, 0, 0]",['CA']
WSL_0352,A senior colleague touched my shoulder inappropriately when alone.,0,0,0,0,1,0,POSH Act Sec 2n,workplace harassment pattern,Synthetic-Template,"[0, 0, 0, 0, 1, 0]",['WH']
WSL_0245,My supervisor sends me inappropriate messages on our work chat.,0,0,0,0,1,0,POSH Act Sec 2n,workplace harassment pattern,Synthetic-Template,"[0, 0, 0, 0, 1, 0]",['WH']
WSL_0004,A former colleague waits outside my house every morning.,0,0,1,0,0,0,354D IPC / 78 BNS,repeated unwanted contact/presence,Synthetic-Template,"[0, 0, 1, 0, 0, 0]",['ST']
WSL_0440,A stranger online is threatening to leak my chats unless I pay money.,0,0,0,1,0,0,66E IT Act / 77 BNS,digital harassment/privacy violation,Synthetic-Template,"[0, 0, 0, 1, 0, 0]",['CA']
WSL_0528,A senior executive hinted that my promotion depends on personal favors.,0,0,0,0,1,0,POSH Act Sec 2n,workplace harassment pattern,Synthetic-Template,"[0, 0, 0, 0, 1, 0]",['WH']
WSL_1056,Someone recorded a video call with me without my consent and has been threatening to circulate it among my colleagues.,0,0,0,1,0,0,66E IT Act,diverse narrative style,Synthetic-Diverse,"[0, 0, 0, 1, 0, 0]",['CA']
WSL_0694,My father-in-law keeps a knife in the house and threatens me with it. It has gotten worse in the last few months.,1,0,0,0,0,0,498A IPC / 85 BNS,physical/verbal abuse pattern,Synthetic-Template,"[1, 0, 0, 0, 0, 0]",['DV']
WSL_0833,My neighbor pressed himself against me deliberately in a crowd.,0,1,0,0,0,0,354 IPC / 74 BNS,public/private harassment incident,Synthetic-Template,"[0, 1, 0, 0, 0, 0]",['SH']
WSL_0319,My internship supervisor sends me inappropriate messages on our work chat.,0,0,0,0,1,0,POSH Act Sec 2n,workplace harassment pattern,Synthetic-Template,"[0, 0, 0, 0, 1, 0]",['WH']
WSL_1016,"Three months into my marriage, my husband already started controlling every aspect of my life and becomes physically aggressive if I object.",1,0,0,0,0,0,498A IPC / DV Act Sec 3,diverse narrative style,Synthetic-Diverse,"[1, 0, 0, 0, 0, 0]",['DV']
WSL_0059,"A man from my building has been showing up at every place I go, including work.",0,0,1,0,0,0,354D IPC / 78 BNS,repeated unwanted contact/presence,Synthetic-Template,"[0, 0, 1, 0, 0, 0]",['ST']
WSL_0064,A guest at a party kept staring and making explicit comments.,0,1,0,0,0,0,354 IPC / 74 BNS,public/private harassment incident,Synthetic-Template,"[0, 1, 0, 0, 0, 0]",['SH']
WSL_0300,My neighbor kept staring and making explicit comments.,0,1,0,0,0,0,354 IPC / 74 BNS,public/private harassment incident,Synthetic-Template,"[0, 1, 0, 0, 0, 0]",['SH']
WSL_0351,A stranger online keeps sending me abusive explicit messages.,0,0,0,1,0,0,66E IT Act / 77 BNS,digital harassment/privacy violation,Synthetic-Template,"[0, 0, 0, 1, 0, 0]",['CA']
WSL_0101,A man in the metro made sexual comments about me in front of others.,0,1,0,0,0,0,354 IPC / 74 BNS,public/private harassment incident,Synthetic-Template,"[0, 1, 0, 0, 0, 0]",['SH']
WSL_0169,A client hinted that my promotion depends on personal favors.,0,0,0,0,1,0,POSH Act Sec 2n,workplace harassment pattern,Synthetic-Template,"[0, 0, 0, 0, 1, 0]",['WH']
WSL_0523,A stranger online morphed my photos and circulated them in a group chat.,0,0,0,1,0,0,66E IT Act / 77 BNS,digital harassment/privacy violation,Synthetic-Template,"[0, 0, 0, 1, 0, 0]",['CA']
WSL_0343,A man I matched with on a dating app left notes on my car every day for two weeks.,0,0,1,0,0,0,354D IPC / 78 BNS,repeated unwanted contact/presence,Synthetic-Template,"[0, 0, 1, 0, 0, 0]",['ST']
WSL_0295,A man I rejected on a matrimonial site sits outside my house in his car watching me.,0,0,1,0,0,0,354D IPC / 78 BNS,repeated unwanted contact/presence,Synthetic-Template,"[0, 0, 1, 0, 0, 0]",['ST']
WSL_0536,My husband and his mother refuses to let me leave the house without permission. It has gotten worse in the last few months.,1,0,0,0,0,0,498A IPC / 85 BNS,physical/verbal abuse pattern,Synthetic-Template,"[1, 0, 0, 0, 0, 0]",['DV']
WSL_0903,My supervisor shared inappropriate content about me in the team group chat.,0,0,0,0,1,0,POSH Act Sec 2n,workplace harassment pattern,Synthetic-Template,"[0, 0, 0, 0, 1, 0]",['WH']
WSL_0200,My ex tracks my location constantly and now sends me threatening messages online.,0,0,1,1,0,0,354D IPC / IT Act,combined ST and CA,Synthetic-Template,"[0, 0, 1, 1, 0, 0]","['ST', 'CA']"
WSL_0592,Someone from college is spreading false rumors about me in group chats.,0,0,0,1,0,0,66E IT Act / 77 BNS,digital harassment/privacy violation,Synthetic-Template,"[0, 0, 0, 1, 0, 0]",['CA']
WSL_0674,My husband's family restricts me from speaking to my friends.,1,0,0,0,0,0,498A IPC / 85 BNS,physical/verbal abuse pattern,Synthetic-Template,"[1, 0, 0, 0, 0, 0]",['DV']
WSL_0389,"A classmate has been showing up at every place I go, including work.",0,0,1,0,0,0,354D IPC / 78 BNS,repeated unwanted contact/presence,Synthetic-Template,"[0, 0, 1, 0, 0, 0]",['ST']
WSL_0368,Someone I rejected online has started waiting outside my apartment building.,0,0,1,0,0,0,354D IPC / 78 BNS,repeated unwanted contact/presence,Synthetic-Template,"[0, 0, 1, 0, 0, 0]",['ST']
WSL_1053,"A person claiming to have compromising photos of me has been demanding money to not release them, though I don't recall these photos existing.",0,0,0,1,0,0,IT Act Sec 66 / 385 IPC,diverse narrative style,Synthetic-Diverse,"[0, 0, 0, 1, 0, 0]",['CA']
WSL_0067,A stranger online tracks my location constantly and posted my photos without consent.,0,0,1,1,0,0,354D IPC / IT Act,combined ST and CA,Synthetic-Template,"[0, 0, 1, 1, 0, 0]","['ST', 'CA']"
WSL_0324,A man I matched with on a dating app keeps appearing uninvited wherever I mention I'll be.,0,0,1,0,0,0,354D IPC / 78 BNS,repeated unwanted contact/presence,Synthetic-Template,"[0, 0, 1, 0, 0, 0]",['ST']
WSL_0068,A stranger online sends me sexually explicit messages and knows personal details about me.,0,1,0,1,0,0,509 IPC / IT Act Sec 67,combined SH and CA,Synthetic-Template,"[0, 1, 0, 1, 0, 0]","['SH', 'CA']"
WSL_0274,A classmate keeps contacting my family members.,0,0,1,0,0,0,354D IPC / 78 BNS,repeated unwanted contact/presence,Synthetic-Template,"[0, 0, 1, 0, 0, 0]",['ST']
WSL_0013,My supervisor makes inappropriate comments about my appearance in front of the entire team.,0,1,0,0,1,0,354A IPC / POSH Act,combined SH and WH,Synthetic-Template,"[0, 1, 0, 0, 1, 0]","['SH', 'WH']"
WSL_0899,My manager touched me without consent and excludes me from meetings when I object.,0,1,0,0,1,0,354A IPC / POSH Act,combined SH and WH,Synthetic-Template,"[0, 1, 0, 0, 1, 0]","['SH', 'WH']"
WSL_0530,My ex-boyfriend keeps contacting my family members.,0,0,1,0,0,0,354D IPC / 78 BNS,repeated unwanted contact/presence,Synthetic-Template,"[0, 0, 1, 0, 0, 0]",['ST']
WSL_0657,My ex-boyfriend is sending me rape threats through anonymous accounts.,0,0,0,1,0,0,66E IT Act / 77 BNS,digital harassment/privacy violation,Synthetic-Template,"[0, 0, 0, 1, 0, 0]",['CA']
WSL_0797,A client insists on private one-on-one meetings.,0,0,0,0,1,0,POSH Act Sec 2n,workplace harassment pattern,Synthetic-Template,"[0, 0, 0, 0, 1, 0]",['WH']
WSL_0618,My brother-in-law starves me for days as punishment. It happens almost every week.,1,0,0,0,0,0,498A IPC / 85 BNS,physical/verbal abuse pattern,Synthetic-Template,"[1, 0, 0, 0, 0, 0]",['DV']
WSL_0972,My family are trying to evict me illegally with intimidation.,0,0,0,0,0,1,"Case-specific, not clearly mapped",requires further context,Synthetic-Template,"[0, 0, 0, 0, 0, 1]",['OV']
WSL_0185,A stranger online recorded me without consent and threatened to post it.,0,0,0,1,0,0,66E IT Act / 77 BNS,digital harassment/privacy violation,Synthetic-Template,"[0, 0, 0, 1, 0, 0]",['CA']
WSL_1047,I woke up to find that someone had used my old photos to create a fake account and was messaging my relatives pretending to be me.,0,0,0,1,0,0,66E IT Act,diverse narrative style,Synthetic-Diverse,"[0, 0, 0, 1, 0, 0]",['CA']
WSL_1005,"My in-laws have been pressuring my husband to remarry because my family couldn't meet their dowry demands, and he has started beating me.",1,0,0,0,0,0,Dowry Prohibition Act,diverse narrative style,Synthetic-Diverse,"[1, 0, 0, 0, 0, 0]",['DV']
WSL_0953,Someone I rejected online appears at my gym at the exact same time every day.,0,0,1,0,0,0,354D IPC / 78 BNS,repeated unwanted contact/presence,Synthetic-Template,"[0, 0, 1, 0, 0, 0]",['ST']
WSL_0382,My physiotherapist made sexual comments about me in front of others.,0,1,0,0,0,0,354 IPC / 74 BNS,public/private harassment incident,Synthetic-Template,"[0, 1, 0, 0, 0, 0]",['SH']
WSL_0309,A man I matched with online is spreading false rumors about me in group chats.,0,0,0,1,0,0,66E IT Act / 77 BNS,digital harassment/privacy violation,Synthetic-Template,"[0, 0, 0, 1, 0, 0]",['CA']
WSL_0954,My former colleague created a fake dating profile using my pictures.,0,0,0,1,0,0,66E IT Act / 77 BNS,digital harassment/privacy violation,Synthetic-Template,"[0, 0, 0, 1, 0, 0]",['CA']
WSL_0535,My team lead shared inappropriate content about me in the team group chat.,0,0,0,0,1,0,POSH Act Sec 2n,workplace harassment pattern,Synthetic-Template,"[0, 0, 0, 0, 1, 0]",['WH']
WSL_0901,A man on the street tried to touch me before I managed to get away.,0,1,0,0,0,0,354 IPC / 74 BNS,public/private harassment incident,Synthetic-Template,"[0, 1, 0, 0, 0, 0]",['SH']
WSL_0701,My manager touched my shoulder inappropriately when alone.,0,0,0,0,1,0,POSH Act Sec 2n,workplace harassment pattern,Synthetic-Template,"[0, 0, 0, 0, 1, 0]",['WH']
WSL_0244,A relative at a family function catcalled and followed me for several blocks.,0,1,0,0,0,0,354 IPC / 74 BNS,public/private harassment incident,Synthetic-Template,"[0, 1, 0, 0, 0, 0]",['SH']
WSL_0716,My supervisor threatened a bad review if I didn't meet him outside work.,0,0,0,0,1,0,POSH Act Sec 2n,workplace harassment pattern,Synthetic-Template,"[0, 0, 0, 0, 1, 0]",['WH']
WSL_0362,My physiotherapist catcalled and followed me for several blocks.,0,1,0,0,0,0,354 IPC / 74 BNS,public/private harassment incident,Synthetic-Template,"[0, 1, 0, 0, 0, 0]",['SH']
WSL_0003,My landlord made sexual comments about me in front of others.,0,1,0,0,0,0,354 IPC / 74 BNS,public/private harassment incident,Synthetic-Template,"[0, 1, 0, 0, 0, 0]",['SH']
WSL_1043,I've started taking different routes home because a man has been consistently waiting near my usual path.,0,0,1,0,0,0,354D IPC,diverse narrative style,Synthetic-Diverse,"[0, 0, 1, 0, 0, 0]",['ST']
WSL_0661,My relatives are threatening me over a property dispute.,0,0,0,0,0,1,"Case-specific, not clearly mapped",requires further context,Synthetic-Template,"[0, 0, 0, 0, 0, 1]",['OV']
WSL_0894,My husband beats me over small household matters.,1,0,0,0,0,0,498A IPC / 85 BNS,physical/verbal abuse pattern,Synthetic-Template,"[1, 0, 0, 0, 0, 0]",['DV']
WSL_0828,My neighbor keeps contacting my family members.,0,0,1,0,0,0,354D IPC / 78 BNS,repeated unwanted contact/presence,Synthetic-Template,"[0, 0, 1, 0, 0, 0]",['ST']
WSL_0430,My stepfather restricts me from speaking to my friends. This has been going on for over a year.,1,0,0,0,0,0,498A IPC / 85 BNS,physical/verbal abuse pattern,Synthetic-Template,"[1, 0, 0, 0, 0, 0]",['DV']
WSL_0329,A stranger at the market tried to corner me and touch me against my will.,0,1,0,0,0,0,354 IPC / 74 BNS,public/private harassment incident,Synthetic-Template,"[0, 1, 0, 0, 0, 0]",['SH']
WSL_0524,My husband's family beats me over small household matters. This started right after our marriage.,1,0,0,0,0,0,498A IPC / 85 BNS,physical/verbal abuse pattern,Synthetic-Template,"[1, 0, 0, 0, 0, 0]",['DV']
WSL_0854,A senior colleague sends me inappropriate messages on our work chat.,0,0,0,0,1,0,POSH Act Sec 2n,workplace harassment pattern,Synthetic-Template,"[0, 0, 0, 0, 1, 0]",['WH']
WSL_0216,"My ex-boyfriend has been showing up at every place I go, including work.",0,0,1,0,0,0,354D IPC / 78 BNS,repeated unwanted contact/presence,Synthetic-Template,"[0, 0, 1, 0, 0, 0]",['ST']
WSL_0257,My brother-in-law keeps a knife in the house and threatens me with it.,1,0,0,0,0,0,498A IPC / 85 BNS,physical/verbal abuse pattern,Synthetic-Template,"[1, 0, 0, 0, 0, 0]",['DV']
WSL_0517,My tuition teacher tried to touch me before I managed to get away.,0,1,0,0,0,0,354 IPC / 74 BNS,public/private harassment incident,Synthetic-Template,"[0, 1, 0, 0, 0, 0]",['SH']
WSL_0546,A man I don't know has started waiting outside my apartment building.,0,0,1,0,0,0,354D IPC / 78 BNS,repeated unwanted contact/presence,Synthetic-Template,"[0, 0, 1, 0, 0, 0]",['ST']
WSL_0381,A man on the bus tried to corner me and touch me against my will.,0,1,0,0,0,0,354 IPC / 74 BNS,public/private harassment incident,Synthetic-Template,"[0, 1, 0, 0, 0, 0]",['SH']
WSL_0458,A relative at a family function tried to corner me and touch me against my will.,0,1,0,0,0,0,354 IPC / 74 BNS,public/private harassment incident,Synthetic-Template,"[0, 1, 0, 0, 0, 0]",['SH']
WSL_0248,My family are threatening me over a property dispute.,0,0,0,0,0,1,"Case-specific, not clearly mapped",requires further context,Synthetic-Template,"[0, 0, 0, 0, 0, 1]",['OV']
WSL_1061,"A senior colleague has taken to finding reasons to be alone with me in the office, and I no longer feel safe working late.",0,0,0,0,1,0,POSH Act Sec 2n,diverse narrative style,Synthetic-Diverse,"[0, 0, 0, 0, 1, 0]",['WH']
WSL_0644,My husband's family refuses to let me leave the house without permission. This has been going on for over a year.,1,0,0,0,0,0,498A IPC / 85 BNS,physical/verbal abuse pattern,Synthetic-Template,"[1, 0, 0, 0, 0, 0]",['DV']
WSL_0328,A man on the street forcibly kissed me without my consent.,0,1,0,0,0,0,354 IPC / 74 BNS,public/private harassment incident,Synthetic-Template,"[0, 1, 0, 0, 0, 0]",['SH']
WSL_0662,My mother-in-law beats me over small household matters. This started right after our marriage.,1,0,0,0,0,0,498A IPC / 85 BNS,physical/verbal abuse pattern,Synthetic-Template,"[1, 0, 0, 0, 0, 0]",['DV']
WSL_0599,My in-laws restricts me from speaking to my friends.,1,0,0,0,0,0,498A IPC / 85 BNS,physical/verbal abuse pattern,Synthetic-Template,"[1, 0, 0, 0, 0, 0]",['DV']
WSL_0353,My mother-in-law took my salary and gives me no money. This started right after our marriage.,1,0,0,0,0,0,498A IPC / 85 BNS,physical/verbal abuse pattern,Synthetic-Template,"[1, 0, 0, 0, 0, 0]",['DV']
WSL_0865,My stepfather beats me over small household matters. It happens almost every week.,1,0,0,0,0,0,498A IPC / 85 BNS,physical/verbal abuse pattern,Synthetic-Template,"[1, 0, 0, 0, 0, 0]",['DV']
WSL_0562,My husband threatens to take away my children if I complain.,1,0,0,0,0,0,498A IPC / 85 BNS,physical/verbal abuse pattern,Synthetic-Template,"[1, 0, 0, 0, 0, 0]",['DV']
WSL_0804,My physiotherapist kept staring and making explicit comments.,0,1,0,0,0,0,354 IPC / 74 BNS,public/private harassment incident,Synthetic-Template,"[0, 1, 0, 0, 0, 0]",['SH']
WSL_0678,My boss makes sexual jokes directed at me in front of the team.,0,0,0,0,1,0,POSH Act Sec 2n,workplace harassment pattern,Synthetic-Template,"[0, 0, 0, 0, 1, 0]",['WH']
WSL_0308,My family forced me into an early marriage.,0,0,0,0,0,1,"Case-specific, not clearly mapped",requires further context,Synthetic-Template,"[0, 0, 0, 0, 0, 1]",['OV']
WSL_0297,My ex-boyfriend sits outside my house in his car watching me.,0,0,1,0,0,0,354D IPC / 78 BNS,repeated unwanted contact/presence,Synthetic-Template,"[0, 0, 1, 0, 0, 0]",['ST']
WSL_1030,I was traveling alone on a train when the man in the next seat kept 'accidentally' touching me throughout the journey.,0,1,0,0,0,0,354 IPC,diverse narrative style,Synthetic-Diverse,"[0, 1, 0, 0, 0, 0]",['SH']
WSL_0981,A vendor at work keeps making comments implying I should be friendlier.,0,0,0,0,1,0,POSH Act Sec 2n,workplace harassment pattern,Synthetic-Template,"[0, 0, 0, 0, 1, 0]",['WH']
WSL_0459,My manager threatened a bad review if I didn't meet him outside work.,0,0,0,0,1,0,POSH Act Sec 2n,workplace harassment pattern,Synthetic-Template,"[0, 0, 0, 0, 1, 0]",['WH']
WSL_0107,A man at the gym made lewd comments about my body.,0,1,0,0,0,0,354 IPC / 74 BNS,public/private harassment incident,Synthetic-Template,"[0, 1, 0, 0, 0, 0]",['SH']
WSL_0656,A senior colleague touched me without consent and excludes me from meetings when I object.,0,1,0,0,1,0,354A IPC / POSH Act,combined SH and WH,Synthetic-Template,"[0, 1, 0, 0, 1, 0]","['SH', 'WH']"
WSL_0056,My mother-in-law hits me whenever he comes home drunk.,1,0,0,0,0,0,498A IPC / 85 BNS,physical/verbal abuse pattern,Synthetic-Template,"[1, 0, 0, 0, 0, 0]",['DV']
WSL_0366,My husband controls all my money and won't let me work. This has been going on for over a year.,1,0,0,0,0,0,498A IPC / 85 BNS,physical/verbal abuse pattern,Synthetic-Template,"[1, 0, 0, 0, 0, 0]",['DV']
WSL_0214,A man I matched with on a dating app sits outside my house in his car watching me.,0,0,1,0,0,0,354D IPC / 78 BNS,repeated unwanted contact/presence,Synthetic-Template,"[0, 0, 1, 0, 0, 0]",['ST']
WSL_0121,A senior executive threatened a bad review if I didn't meet him outside work.,0,0,0,0,1,0,POSH Act Sec 2n,workplace harassment pattern,Synthetic-Template,"[0, 0, 0, 0, 1, 0]",['WH']
WSL_0426,My in-laws starves me for days as punishment. It has gotten worse in the last few months.,1,0,0,0,0,0,498A IPC / 85 BNS,physical/verbal abuse pattern,Synthetic-Template,"[1, 0, 0, 0, 0, 0]",['DV']
WSL_0281,A man I rejected on a matrimonial site found my home address and shows up unannounced.,0,0,1,0,0,0,354D IPC / 78 BNS,repeated unwanted contact/presence,Synthetic-Template,"[0, 0, 1, 0, 0, 0]",['ST']
WSL_0026,My relatives are threatening to harm me over a land dispute.,0,0,0,0,0,1,"Case-specific, not clearly mapped",requires further context,Synthetic-Template,"[0, 0, 0, 0, 0, 1]",['OV']
WSL_0073,My driving instructor kept staring and making explicit comments.,0,1,0,0,0,0,354 IPC / 74 BNS,public/private harassment incident,Synthetic-Template,"[0, 1, 0, 0, 0, 0]",['SH']
WSL_0940,A man I don't know watches my house through his window constantly.,0,0,1,0,0,0,354D IPC / 78 BNS,repeated unwanted contact/presence,Synthetic-Template,"[0, 0, 1, 0, 0, 0]",['ST']
WSL_0045,A classmate left notes on my car every day for two weeks.,0,0,1,0,0,0,354D IPC / 78 BNS,repeated unwanted contact/presence,Synthetic-Template,"[0, 0, 1, 0, 0, 0]",['ST']
WSL_0846,My ex-boyfriend is threatening to leak our private videos.,0,0,0,1,0,0,66E IT Act / 77 BNS,digital harassment/privacy violation,Synthetic-Template,"[0, 0, 0, 1, 0, 0]",['CA']
WSL_0916,My landlord kept staring and making explicit comments.,0,1,0,0,0,0,354 IPC / 74 BNS,public/private harassment incident,Synthetic-Template,"[0, 1, 0, 0, 0, 0]",['SH']
WSL_0290,My husband's family hit me with a belt over a small disagreement. I am scared to go home most days now.,1,0,0,0,0,0,498A IPC / 85 BNS,physical/verbal abuse pattern,Synthetic-Template,"[1, 0, 0, 0, 0, 0]",['DV']
WSL_0690,My husband and his mother does not let me contact my family. It happens almost every week.,1,0,0,0,0,0,498A IPC / 85 BNS,physical/verbal abuse pattern,Synthetic-Template,"[1, 0, 0, 0, 0, 0]",['DV']
WSL_0414,My ex-boyfriend keeps appearing uninvited wherever I mention I'll be.,0,0,1,0,0,0,354D IPC / 78 BNS,repeated unwanted contact/presence,Synthetic-Template,"[0, 0, 1, 0, 0, 0]",['ST']
WSL_0425,A rickshaw driver forced himself on me despite me saying no clearly.,0,1,0,0,0,0,354 IPC / 74 BNS,public/private harassment incident,Synthetic-Template,"[0, 1, 0, 0, 0, 0]",['SH']
WSL_1039,"I noticed the same car following me for the third time this week, and I'm becoming increasingly afraid to go out alone.",0,0,1,0,0,0,354D IPC,diverse narrative style,Synthetic-Diverse,"[0, 0, 1, 0, 0, 0]",['ST']
WSL_0495,An anonymous account morphed my photos and circulated them in a group chat.,0,0,0,1,0,0,66E IT Act / 77 BNS,digital harassment/privacy violation,Synthetic-Template,"[0, 0, 0, 1, 0, 0]",['CA']
WSL_0747,My landlord forced himself on me despite me saying no clearly.,0,1,0,0,0,0,354 IPC / 74 BNS,public/private harassment incident,Synthetic-Template,"[0, 1, 0, 0, 0, 0]",['SH']
WSL_0505,My mother-in-law forced me to sign over my property documents. I am scared to go home most days now.,1,0,0,0,0,0,498A IPC / 85 BNS,physical/verbal abuse pattern,Synthetic-Template,"[1, 0, 0, 0, 0, 0]",['DV']
WSL_0746,A classmate sits outside my house in his car watching me.,0,0,1,0,0,0,354D IPC / 78 BNS,repeated unwanted contact/presence,Synthetic-Template,"[0, 0, 1, 0, 0, 0]",['ST']
WSL_0372,My internship supervisor makes sexual jokes directed at me in front of the team.,0,0,0,0,1,0,POSH Act Sec 2n,workplace harassment pattern,Synthetic-Template,"[0, 0, 0, 0, 1, 0]",['WH']
WSL_1076,"My family arranged a marriage without my consent, and I am being pressured with threats to comply despite my objections.",0,0,0,0,0,1,Prohibition of Child Marriage Act,diverse narrative style,Synthetic-Diverse,"[0, 0, 0, 0, 0, 1]",['OV']
WSL_0405,A man on the bus touched my hand inappropriately during a session.,0,1,0,0,0,0,354 IPC / 74 BNS,public/private harassment incident,Synthetic-Template,"[0, 1, 0, 0, 0, 0]",['SH']
WSL_0061,My husband's family drags me by the hair whenever dinner is late. It has gotten worse in the last few months.,1,0,0,0,0,0,498A IPC / 85 BNS,physical/verbal abuse pattern,Synthetic-Template,"[1, 0, 0, 0, 0, 0]",['DV']
WSL_0597,A local group are threatening honor-based violence over my marriage choice.,0,0,0,0,0,1,"Case-specific, not clearly mapped",requires further context,Synthetic-Template,"[0, 0, 0, 0, 0, 1]",['OV']
WSL_0093,My husband's family keeps demanding more dowry from my parents. It has gotten worse in the last few months.,1,0,0,0,0,0,498A IPC / 85 BNS,physical/verbal abuse pattern,Synthetic-Template,"[1, 0, 0, 0, 0, 0]",['DV']
WSL_0881,A stranger online keeps following me everywhere I go and posted my photos without consent.,0,0,1,1,0,0,354D IPC / IT Act,combined ST and CA,Synthetic-Template,"[0, 0, 1, 1, 0, 0]","['ST', 'CA']"
WSL_0941,My tuition teacher catcalled and followed me for several blocks.,0,1,0,0,0,0,354 IPC / 74 BNS,public/private harassment incident,Synthetic-Template,"[0, 1, 0, 0, 0, 0]",['SH']
WSL_0755,My father-in-law refuses to let me leave the house without permission. It happens almost every week.,1,0,0,0,0,0,498A IPC / 85 BNS,physical/verbal abuse pattern,Synthetic-Template,"[1, 0, 0, 0, 0, 0]",['DV']
WSL_0293,My brother-in-law verbally abuses me daily in front of relatives. This started right after our marriage.,1,0,0,0,0,0,498A IPC / 85 BNS,physical/verbal abuse pattern,Synthetic-Template,"[1, 0, 0, 0, 0, 0]",['DV']
WSL_0406,A guest at a party made sexual comments about me in front of others.,0,1,0,0,0,0,354 IPC / 74 BNS,public/private harassment incident,Synthetic-Template,"[0, 1, 0, 0, 0, 0]",['SH']
WSL_0332,A vendor at work denied me a raise after I rejected his advances.,0,0,0,0,1,0,POSH Act Sec 2n,workplace harassment pattern,Synthetic-Template,"[0, 0, 0, 0, 1, 0]",['WH']
WSL_0183,My mother-in-law slaps me in front of the children.,1,0,0,0,0,0,498A IPC / 85 BNS,physical/verbal abuse pattern,Synthetic-Template,"[1, 0, 0, 0, 0, 0]",['DV']
WSL_0527,A classmate keeps appearing uninvited wherever I mention I'll be.,0,0,1,0,0,0,354D IPC / 78 BNS,repeated unwanted contact/presence,Synthetic-Template,"[0, 0, 1, 0, 0, 0]",['ST']
WSL_0410,My neighbor keeps messaging me obsessively despite being blocked.,0,0,1,0,0,0,354D IPC / 78 BNS,repeated unwanted contact/presence,Synthetic-Template,"[0, 0, 1, 0, 0, 0]",['ST']
WSL_0111,My husband forced me to quit my job.,1,0,0,0,0,0,498A IPC / 85 BNS,physical/verbal abuse pattern,Synthetic-Template,"[1, 0, 0, 0, 0, 0]",['DV']
WSL_0966,A man I matched with online is sending death threats through anonymous email.,0,0,0,1,0,0,66E IT Act / 77 BNS,digital harassment/privacy violation,Synthetic-Template,"[0, 0, 0, 1, 0, 0]",['CA']
WSL_0623,A stranger online tracks my location constantly and now sends me threatening messages online.,0,0,1,1,0,0,354D IPC / IT Act,combined ST and CA,Synthetic-Template,"[0, 0, 1, 1, 0, 0]","['ST', 'CA']"
WSL_0595,A man on the street groped me and disappeared into the crowd.,0,1,0,0,0,0,354 IPC / 74 BNS,public/private harassment incident,Synthetic-Template,"[0, 1, 0, 0, 0, 0]",['SH']
WSL_0465,My husband and his mother took my salary and gives me no money. This started right after our marriage.,1,0,0,0,0,0,498A IPC / 85 BNS,physical/verbal abuse pattern,Synthetic-Template,"[1, 0, 0, 0, 0, 0]",['DV']
WSL_0998,Someone morphed my photos and circulated them in a group chat.,0,0,0,1,0,0,66E IT Act / 77 BNS,digital harassment/privacy violation,Synthetic-Template,"[0, 0, 0, 1, 0, 0]",['CA']
WSL_0859,My husband and his mother threatened to kill me if I told my parents. This has been going on for over a year.,1,0,0,0,0,0,498A IPC / 85 BNS,physical/verbal abuse pattern,Synthetic-Template,"[1, 0, 0, 0, 0, 0]",['DV']
WSL_0262,A vendor at work hinted that my promotion depends on personal favors.,0,0,0,0,1,0,POSH Act Sec 2n,workplace harassment pattern,Synthetic-Template,"[0, 0, 0, 0, 1, 0]",['WH']
WSL_0333,My stepfather pushes and shoves me during every argument. I am scared to go home most days now.,1,0,0,0,0,0,498A IPC / 85 BNS,physical/verbal abuse pattern,Synthetic-Template,"[1, 0, 0, 0, 0, 0]",['DV']
WSL_0533,A man on the bus forcibly kissed me without my consent.,0,1,0,0,0,0,354 IPC / 74 BNS,public/private harassment incident,Synthetic-Template,"[0, 1, 0, 0, 0, 0]",['SH']
WSL_0549,My relatives forced me into an early marriage.,0,0,0,0,0,1,"Case-specific, not clearly mapped",requires further context,Synthetic-Template,"[0, 0, 0, 0, 0, 1]",['OV']
WSL_0843,My manager makes inappropriate comments about my appearance in front of the entire team.,0,1,0,0,1,0,354A IPC / POSH Act,combined SH and WH,Synthetic-Template,"[0, 1, 0, 0, 1, 0]","['SH', 'WH']"
WSL_0138,My landlord made suggestive comments while collecting money.,0,1,0,0,0,0,354 IPC / 74 BNS,public/private harassment incident,Synthetic-Template,"[0, 1, 0, 0, 0, 0]",['SH']
WSL_0579,An anonymous account sent me obscene images repeatedly despite me blocking multiple accounts.,0,1,0,1,0,0,509 IPC / IT Act Sec 67,combined SH and CA,Synthetic-Template,"[0, 1, 0, 1, 0, 0]","['SH', 'CA']"
WSL_0715,My partner hits me regularly and threatened to post my private photos online.,1,0,0,1,0,0,498A IPC / 66E IT Act,combined DV and CA,Synthetic-Template,"[1, 0, 0, 1, 0, 0]","['DV', 'CA']"
WSL_0867,A coworker keeps commenting on my appearance during meetings.,0,0,0,0,1,0,POSH Act Sec 2n,workplace harassment pattern,Synthetic-Template,"[0, 0, 0, 0, 1, 0]",['WH']
WSL_0985,My stepfather keeps demanding more dowry from my parents. This started right after our marriage.,1,0,0,0,0,0,498A IPC / 85 BNS,physical/verbal abuse pattern,Synthetic-Template,"[1, 0, 0, 0, 0, 0]",['DV']
WSL_0965,My husband's family slaps me in front of the children. This has been going on for over a year.,1,0,0,0,0,0,498A IPC / 85 BNS,physical/verbal abuse pattern,Synthetic-Template,"[1, 0, 0, 0, 0, 0]",['DV']
WSL_0622,My supervisor cornered me in the pantry inappropriately.,0,0,0,0,1,0,POSH Act Sec 2n,workplace harassment pattern,Synthetic-Template,"[0, 0, 0, 0, 1, 0]",['WH']
WSL_0030,A man on the street tried to corner me and touch me against my will.,0,1,0,0,0,0,354 IPC / 74 BNS,public/private harassment incident,Synthetic-Template,"[0, 1, 0, 0, 0, 0]",['SH']
WSL_0166,A client makes sexual jokes directed at me in front of the team.,0,0,0,0,1,0,POSH Act Sec 2n,workplace harassment pattern,Synthetic-Template,"[0, 0, 0, 0, 1, 0]",['WH']
WSL_0249,My tuition teacher forcibly kissed me without my consent.,0,1,0,0,0,0,354 IPC / 74 BNS,public/private harassment incident,Synthetic-Template,"[0, 1, 0, 0, 0, 0]",['SH']
WSL_0876,My boss keeps making comments implying I should be friendlier.,0,0,0,0,1,0,POSH Act Sec 2n,workplace harassment pattern,Synthetic-Template,"[0, 0, 0, 0, 1, 0]",['WH']
WSL_0355,Someone from college tracks my location constantly and now sends me threatening messages online.,0,0,1,1,0,0,354D IPC / IT Act,combined ST and CA,Synthetic-Template,"[0, 0, 1, 1, 0, 0]","['ST', 'CA']"
WSL_0983,A senior executive cornered me in the pantry inappropriately.,0,0,0,0,1,0,POSH Act Sec 2n,workplace harassment pattern,Synthetic-Template,"[0, 0, 0, 0, 1, 0]",['WH']
WSL_0738,A man I rejected on a matrimonial site follows my car every day on my commute.,0,0,1,0,0,0,354D IPC / 78 BNS,repeated unwanted contact/presence,Synthetic-Template,"[0, 0, 1, 0, 0, 0]",['ST']
WSL_0433,A man from my building follows my car every day on my commute.,0,0,1,0,0,0,354D IPC / 78 BNS,repeated unwanted contact/presence,Synthetic-Template,"[0, 0, 1, 0, 0, 0]",['ST']
WSL_0757,My manager keeps making sexual jokes and excludes me from meetings when I object.,0,1,0,0,1,0,354A IPC / POSH Act,combined SH and WH,Synthetic-Template,"[0, 1, 0, 0, 1, 0]","['SH', 'WH']"
WSL_0650,My husband and his mother controls all my money and won't let me work. This has been going on for over a year.,1,0,0,0,0,0,498A IPC / 85 BNS,physical/verbal abuse pattern,Synthetic-Template,"[1, 0, 0, 0, 0, 0]",['DV']
WSL_0709,A man from my building tracks my location through mutual friends.,0,0,1,0,0,0,354D IPC / 78 BNS,repeated unwanted contact/presence,Synthetic-Template,"[0, 0, 1, 0, 0, 0]",['ST']
WSL_0066,My ex-boyfriend is threatening to leak my chats unless I pay money.,0,0,0,1,0,0,66E IT Act / 77 BNS,digital harassment/privacy violation,Synthetic-Template,"[0, 0, 0, 1, 0, 0]",['CA']
WSL_0884,My husband and his mother humiliates me in front of guests every time they visit. It has gotten worse in the last few months.,1,0,0,0,0,0,498A IPC / 85 BNS,physical/verbal abuse pattern,Synthetic-Template,"[1, 0, 0, 0, 0, 0]",['DV']
WSL_0955,A man I matched with on a dating app waits outside my house every morning.,0,0,1,0,0,0,354D IPC / 78 BNS,repeated unwanted contact/presence,Synthetic-Template,"[0, 0, 1, 0, 0, 0]",['ST']
WSL_0993,My husband locked me inside the house for days. It happens almost every week.,1,0,0,0,0,0,498A IPC / 85 BNS,physical/verbal abuse pattern,Synthetic-Template,"[1, 0, 0, 0, 0, 0]",['DV']
WSL_0255,My team lead keeps making sexual jokes in front of the entire team.,0,1,0,0,1,0,354A IPC / POSH Act,combined SH and WH,Synthetic-Template,"[0, 1, 0, 0, 1, 0]","['SH', 'WH']"
WSL_0772,My father-in-law grabbed me by the hair and hit my head against the wall. I am scared to go home most days now.,1,0,0,0,0,0,498A IPC / 85 BNS,physical/verbal abuse pattern,Synthetic-Template,"[1, 0, 0, 0, 0, 0]",['DV']
WSL_0313,My in-laws pushes and shoves me during every argument. I am scared to go home most days now.,1,0,0,0,0,0,498A IPC / 85 BNS,physical/verbal abuse pattern,Synthetic-Template,"[1, 0, 0, 0, 0, 0]",['DV']
WSL_0449,My supervisor excludes me from meetings since I rejected his advances.,0,0,0,0,1,0,POSH Act Sec 2n,workplace harassment pattern,Synthetic-Template,"[0, 0, 0, 0, 1, 0]",['WH']
WSL_0222,My team lead touched me without consent and threatens my job when I complain.,0,1,0,0,1,0,354A IPC / POSH Act,combined SH and WH,Synthetic-Template,"[0, 1, 0, 0, 1, 0]","['SH', 'WH']"
WSL_0236,My neighbor made suggestive comments while collecting money.,0,1,0,0,0,0,354 IPC / 74 BNS,public/private harassment incident,Synthetic-Template,"[0, 1, 0, 0, 0, 0]",['SH']
WSL_0571,A man I rejected is posting fake defamatory comments about me publicly.,0,0,0,1,0,0,66E IT Act / 77 BNS,digital harassment/privacy violation,Synthetic-Template,"[0, 0, 0, 1, 0, 0]",['CA']
WSL_0585,A former colleague has started waiting outside my apartment building.,0,0,1,0,0,0,354D IPC / 78 BNS,repeated unwanted contact/presence,Synthetic-Template,"[0, 0, 1, 0, 0, 0]",['ST']
WSL_0306,A man I rejected on a matrimonial site keeps calling me from different numbers.,0,0,1,0,0,0,354D IPC / 78 BNS,repeated unwanted contact/presence,Synthetic-Template,"[0, 0, 1, 0, 0, 0]",['ST']
WSL_0785,My supervisor keeps making sexual jokes and excludes me from meetings when I object.,0,1,0,0,1,0,354A IPC / POSH Act,combined SH and WH,Synthetic-Template,"[0, 1, 0, 0, 1, 0]","['SH', 'WH']"
WSL_0631,My manager cornered me in the pantry inappropriately.,0,0,0,0,1,0,POSH Act Sec 2n,workplace harassment pattern,Synthetic-Template,"[0, 0, 0, 0, 1, 0]",['WH']
WSL_1033,"I confronted a man who was staring inappropriately at me in a cafe, and he responded by following me outside.",0,1,0,0,0,0,509 IPC / 354D IPC,diverse narrative style,Synthetic-Diverse,"[0, 1, 0, 0, 0, 0]",['SH']
WSL_0250,My physiotherapist groped me and disappeared into the crowd.,0,1,0,0,0,0,354 IPC / 74 BNS,public/private harassment incident,Synthetic-Template,"[0, 1, 0, 0, 0, 0]",['SH']
WSL_0957,My brother-in-law beats me over small household matters. It happens almost every week.,1,0,0,0,0,0,498A IPC / 85 BNS,physical/verbal abuse pattern,Synthetic-Template,"[1, 0, 0, 0, 0, 0]",['DV']
WSL_0883,My father-in-law drags me by the hair whenever dinner is late.,1,0,0,0,0,0,498A IPC / 85 BNS,physical/verbal abuse pattern,Synthetic-Template,"[1, 0, 0, 0, 0, 0]",['DV']
WSL_0072,My brother-in-law slaps me in front of the children. I am scared to go home most days now.,1,0,0,0,0,0,498A IPC / 85 BNS,physical/verbal abuse pattern,Synthetic-Template,"[1, 0, 0, 0, 0, 0]",['DV']
WSL_0095,My landlord's men are threatening honor-based violence over my marriage choice.,0,0,0,0,0,1,"Case-specific, not clearly mapped",requires further context,Synthetic-Template,"[0, 0, 0, 0, 0, 1]",['OV']
WSL_0034,My team lead touched my shoulder inappropriately when alone.,0,0,0,0,1,0,POSH Act Sec 2n,workplace harassment pattern,Synthetic-Template,"[0, 0, 0, 0, 1, 0]",['WH']
WSL_0695,A delivery man made lewd comments about my body.,0,1,0,0,0,0,354 IPC / 74 BNS,public/private harassment incident,Synthetic-Template,"[0, 1, 0, 0, 0, 0]",['SH']
WSL_0260,My stepfather humiliates me in front of guests every time they visit. It has gotten worse in the last few months.,1,0,0,0,0,0,498A IPC / 85 BNS,physical/verbal abuse pattern,Synthetic-Template,"[1, 0, 0, 0, 0, 0]",['DV']
WSL_0205,My husband does not let me contact my family. It has gotten worse in the last few months.,1,0,0,0,0,0,498A IPC / 85 BNS,physical/verbal abuse pattern,Synthetic-Template,"[1, 0, 0, 0, 0, 0]",['DV']
WSL_0441,An anonymous account sends me sexually explicit messages and also threatened to find where I live.,0,1,0,1,0,0,509 IPC / IT Act Sec 67,combined SH and CA,Synthetic-Template,"[0, 1, 0, 1, 0, 0]","['SH', 'CA']"
WSL_0668,My ex-partner leaked my private photos online.,0,0,0,1,0,0,66E IT Act / 77 BNS,digital harassment/privacy violation,Synthetic-Template,"[0, 0, 0, 1, 0, 0]",['CA']
WSL_0742,A vendor at work made inappropriate physical contact during training.,0,0,0,0,1,0,POSH Act Sec 2n,workplace harassment pattern,Synthetic-Template,"[0, 0, 0, 0, 1, 0]",['WH']
WSL_0078,A senior colleague cornered me in the pantry inappropriately.,0,0,0,0,1,0,POSH Act Sec 2n,workplace harassment pattern,Synthetic-Template,"[0, 0, 0, 0, 1, 0]",['WH']
WSL_0085,A classmate has been parking outside my workplace every evening.,0,0,1,0,0,0,354D IPC / 78 BNS,repeated unwanted contact/presence,Synthetic-Template,"[0, 0, 1, 0, 0, 0]",['ST']
WSL_0391,An anonymous account sent me obscene images repeatedly and knows personal details about me.,0,1,0,1,0,0,509 IPC / IT Act Sec 67,combined SH and CA,Synthetic-Template,"[0, 1, 0, 1, 0, 0]","['SH', 'CA']"
WSL_0083,My physiotherapist made suggestive comments while collecting money.,0,1,0,0,0,0,354 IPC / 74 BNS,public/private harassment incident,Synthetic-Template,"[0, 1, 0, 0, 0, 0]",['SH']
WSL_0589,My brother-in-law controls all my money and won't let me work.,1,0,0,0,0,0,498A IPC / 85 BNS,physical/verbal abuse pattern,Synthetic-Template,"[1, 0, 0, 0, 0, 0]",['DV']
WSL_0591,"A former colleague has been showing up at every place I go, including work.",0,0,1,0,0,0,354D IPC / 78 BNS,repeated unwanted contact/presence,Synthetic-Template,"[0, 0, 1, 0, 0, 0]",['ST']
WSL_0781,A coworker excludes me from meetings since I rejected his advances.,0,0,0,0,1,0,POSH Act Sec 2n,workplace harassment pattern,Synthetic-Template,"[0, 0, 0, 0, 1, 0]",['WH']
WSL_0602,My family are threatening honor-based violence over my marriage choice.,0,0,0,0,0,1,"Case-specific, not clearly mapped",requires further context,Synthetic-Template,"[0, 0, 0, 0, 0, 1]",['OV']
WSL_0848,My in-laws threatens to throw me out of the house. This has been going on for over a year.,1,0,0,0,0,0,498A IPC / 85 BNS,physical/verbal abuse pattern,Synthetic-Template,"[1, 0, 0, 0, 0, 0]",['DV']
WSL_0519,My in-laws drags me by the hair whenever dinner is late. It happens almost every week.,1,0,0,0,0,0,498A IPC / 85 BNS,physical/verbal abuse pattern,Synthetic-Template,"[1, 0, 0, 0, 0, 0]",['DV']
WSL_0588,My physiotherapist made lewd comments about my body.,0,1,0,0,0,0,354 IPC / 74 BNS,public/private harassment incident,Synthetic-Template,"[0, 1, 0, 0, 0, 0]",['SH']
WSL_0006,My boss made inappropriate physical contact during training.,0,0,0,0,1,0,POSH Act Sec 2n,workplace harassment pattern,Synthetic-Template,"[0, 0, 0, 0, 1, 0]",['WH']
WSL_0311,An anonymous account is sending death threats through anonymous email.,0,0,0,1,0,0,66E IT Act / 77 BNS,digital harassment/privacy violation,Synthetic-Template,"[0, 0, 0, 1, 0, 0]",['CA']
WSL_0532,A coworker threatened a bad review if I didn't meet him outside work.,0,0,0,0,1,0,POSH Act Sec 2n,workplace harassment pattern,Synthetic-Template,"[0, 0, 0, 0, 1, 0]",['WH']
WSL_0105,My supervisor keeps making sexual jokes and threatens my job when I complain.,0,1,0,0,1,0,354A IPC / POSH Act,combined SH and WH,Synthetic-Template,"[0, 1, 0, 0, 1, 0]","['SH', 'WH']"
WSL_0098,A man I matched with on a dating app tracks my location through mutual friends.,0,0,1,0,0,0,354D IPC / 78 BNS,repeated unwanted contact/presence,Synthetic-Template,"[0, 0, 1, 0, 0, 0]",['ST']
WSL_0939,My landlord's men ostracized my family after I filed a complaint.,0,0,0,0,0,1,"Case-specific, not clearly mapped",requires further context,Synthetic-Template,"[0, 0, 0, 0, 0, 1]",['OV']
WSL_0502,A man at the gym tried to touch me before I managed to get away.,0,1,0,0,0,0,354 IPC / 74 BNS,public/private harassment incident,Synthetic-Template,"[0, 1, 0, 0, 0, 0]",['SH']
WSL_0315,A senior at college exposed himself to me in public.,0,1,0,0,0,0,354 IPC / 74 BNS,public/private harassment incident,Synthetic-Template,"[0, 1, 0, 0, 0, 0]",['SH']
WSL_0491,My driving instructor tried to touch me before I managed to get away.,0,1,0,0,0,0,354 IPC / 74 BNS,public/private harassment incident,Synthetic-Template,"[0, 1, 0, 0, 0, 0]",['SH']
WSL_0984,A man I rejected keeps following me everywhere I go and posted my photos without consent.,0,0,1,1,0,0,354D IPC / IT Act,combined ST and CA,Synthetic-Template,"[0, 0, 1, 1, 0, 0]","['ST', 'CA']"
WSL_1001,I have been married for three years and my husband beats me almost every time he loses his temper.,1,0,0,0,0,0,498A IPC,diverse narrative style,Synthetic-Diverse,"[1, 0, 0, 0, 0, 0]",['DV']
WSL_0282,My brother-in-law broke my arm last year during a fight. This has been going on for over a year.,1,0,0,0,0,0,498A IPC / 85 BNS,physical/verbal abuse pattern,Synthetic-Template,"[1, 0, 0, 0, 0, 0]",['DV']
WSL_1029,A man followed me into a quiet street after I left a shop and tried to grab my arm before I ran away.,0,1,0,0,0,0,354 IPC attempt,diverse narrative style,Synthetic-Diverse,"[0, 1, 0, 0, 0, 0]",['SH']
WSL_0267,A former colleague keeps contacting my family members.,0,0,1,0,0,0,354D IPC / 78 BNS,repeated unwanted contact/presence,Synthetic-Template,"[0, 0, 1, 0, 0, 0]",['ST']
WSL_0544,My internship supervisor keeps asking me to stay back late alone with him.,0,0,0,0,1,0,POSH Act Sec 2n,workplace harassment pattern,Synthetic-Template,"[0, 0, 0, 0, 1, 0]",['WH']
WSL_0239,A man I rejected on a matrimonial site has started waiting outside my apartment building.,0,0,1,0,0,0,354D IPC / 78 BNS,repeated unwanted contact/presence,Synthetic-Template,"[0, 0, 1, 0, 0, 0]",['ST']
WSL_0412,A senior colleague keeps making sexual jokes and threatens my job when I complain.,0,1,0,0,1,0,354A IPC / POSH Act,combined SH and WH,Synthetic-Template,"[0, 1, 0, 0, 1, 0]","['SH', 'WH']"
WSL_0146,My ex-boyfriend morphed my photos and circulated them in a group chat.,0,0,0,1,0,0,66E IT Act / 77 BNS,digital harassment/privacy violation,Synthetic-Template,"[0, 0, 0, 1, 0, 0]",['CA']
WSL_1009,"Whenever my husband drinks, which is almost daily now, he becomes violent and I never know what will set him off.",1,0,0,0,0,0,498A IPC,diverse narrative style,Synthetic-Diverse,"[1, 0, 0, 0, 0, 0]",['DV']
WSL_0605,A man I rejected waits outside my house daily and now sends me threatening messages online.,0,0,1,1,0,0,354D IPC / IT Act,combined ST and CA,Synthetic-Template,"[0, 0, 1, 1, 0, 0]","['ST', 'CA']"
WSL_0119,My husband physically abuses me and leaked intimate photos to my family.,1,0,0,1,0,0,498A IPC / 66E IT Act,combined DV and CA,Synthetic-Template,"[1, 0, 0, 1, 0, 0]","['DV', 'CA']"
WSL_1019,My in-laws took away my phone six months ago and I have had no way to contact my parents since.,1,0,0,0,0,0,DV Act Sec 3,diverse narrative style,Synthetic-Diverse,"[1, 0, 0, 0, 0, 0]",['DV']
WSL_0567,A man I rejected tracks my location constantly and now sends me threatening messages online.,0,0,1,1,0,0,354D IPC / IT Act,combined ST and CA,Synthetic-Template,"[0, 0, 1, 1, 0, 0]","['ST', 'CA']"
WSL_0251,My ex-boyfriend created a fake profile using my photos to message my friends.,0,0,0,1,0,0,66E IT Act / 77 BNS,digital harassment/privacy violation,Synthetic-Template,"[0, 0, 0, 1, 0, 0]",['CA']
WSL_1083,My stalker has escalated from just following me to now creating fake social media accounts to keep tabs on my activities.,0,0,1,1,0,0,354D IPC / IT Act,diverse multi-issue narrative,Synthetic-Diverse,"[0, 0, 1, 1, 0, 0]","['ST', 'CA']"
WSL_0286,A man at the gym tried to start inappropriate conversations repeatedly.,0,1,0,0,0,0,354 IPC / 74 BNS,public/private harassment incident,Synthetic-Template,"[0, 1, 0, 0, 0, 0]",['SH']
WSL_0450,My in-laws forced me to quit my job. It has gotten worse in the last few months.,1,0,0,0,0,0,498A IPC / 85 BNS,physical/verbal abuse pattern,Synthetic-Template,"[1, 0, 0, 0, 0, 0]",['DV']
WSL_0010,My brother-in-law humiliates me in front of guests every time they visit. I am scared to go home most days now.,1,0,0,0,0,0,498A IPC / 85 BNS,physical/verbal abuse pattern,Synthetic-Template,"[1, 0, 0, 0, 0, 0]",['DV']
WSL_0845,A client made inappropriate physical contact during training.,0,0,0,0,1,0,POSH Act Sec 2n,workplace harassment pattern,Synthetic-Template,"[0, 0, 0, 0, 1, 0]",['WH']
WSL_0197,My internship supervisor keeps commenting on my appearance during meetings.,0,0,0,0,1,0,POSH Act Sec 2n,workplace harassment pattern,Synthetic-Template,"[0, 0, 0, 0, 1, 0]",['WH']
WSL_0704,My former colleague is spreading false rumors about me in group chats.,0,0,0,1,0,0,66E IT Act / 77 BNS,digital harassment/privacy violation,Synthetic-Template,"[0, 0, 0, 1, 0, 0]",['CA']
WSL_0371,A man I rejected on a matrimonial site appears at my gym at the exact same time every day.,0,0,1,0,0,0,354D IPC / 78 BNS,repeated unwanted contact/presence,Synthetic-Template,"[0, 0, 1, 0, 0, 0]",['ST']
WSL_0082,Someone from college is threatening to leak my chats unless I pay money.,0,0,0,1,0,0,66E IT Act / 77 BNS,digital harassment/privacy violation,Synthetic-Template,"[0, 0, 0, 1, 0, 0]",['CA']
WSL_0891,A stranger online waits outside my house daily and posted my photos without consent.,0,0,1,1,0,0,354D IPC / IT Act,combined ST and CA,Synthetic-Template,"[0, 0, 1, 1, 0, 0]","['ST', 'CA']"
WSL_0573,My boss touched my shoulder inappropriately when alone.,0,0,0,0,1,0,POSH Act Sec 2n,workplace harassment pattern,Synthetic-Template,"[0, 0, 0, 0, 1, 0]",['WH']
WSL_0721,An anonymous account is threatening to leak our private videos.,0,0,0,1,0,0,66E IT Act / 77 BNS,digital harassment/privacy violation,Synthetic-Template,"[0, 0, 0, 1, 0, 0]",['CA']
WSL_0240,A rickshaw driver made sexual comments about me in front of others.,0,1,0,0,0,0,354 IPC / 74 BNS,public/private harassment incident,Synthetic-Template,"[0, 1, 0, 0, 0, 0]",['SH']
WSL_0531,My mother-in-law humiliates me in front of guests every time they visit. This has been going on for over a year.,1,0,0,0,0,0,498A IPC / 85 BNS,physical/verbal abuse pattern,Synthetic-Template,"[1, 0, 0, 0, 0, 0]",['DV']
WSL_0212,My husband's family throws things at me during arguments. It has gotten worse in the last few months.,1,0,0,0,0,0,498A IPC / 85 BNS,physical/verbal abuse pattern,Synthetic-Template,"[1, 0, 0, 0, 0, 0]",['DV']
WSL_1038,"Ever since I turned down his proposal, this man has been parking outside my house every single evening.",0,0,1,0,0,0,354D IPC,diverse narrative style,Synthetic-Diverse,"[0, 0, 1, 0, 0, 0]",['ST']
WSL_0949,A senior colleague keeps making sexual jokes and excludes me from meetings when I object.,0,1,0,0,1,0,354A IPC / POSH Act,combined SH and WH,Synthetic-Template,"[0, 1, 0, 0, 1, 0]","['SH', 'WH']"
WSL_0559,A rickshaw driver groped me and disappeared into the crowd.,0,1,0,0,0,0,354 IPC / 74 BNS,public/private harassment incident,Synthetic-Template,"[0, 1, 0, 0, 0, 0]",['SH']
WSL_0228,My family sent moneylenders to threaten me for repayment.,0,0,0,0,0,1,"Case-specific, not clearly mapped",requires further context,Synthetic-Template,"[0, 0, 0, 0, 0, 1]",['OV']
WSL_0989,A man on the street made sexual comments about me in front of others.,0,1,0,0,0,0,354 IPC / 74 BNS,public/private harassment incident,Synthetic-Template,"[0, 1, 0, 0, 0, 0]",['SH']
WSL_0603,My physiotherapist forcibly kissed me without my consent.,0,1,0,0,0,0,354 IPC / 74 BNS,public/private harassment incident,Synthetic-Template,"[0, 1, 0, 0, 0, 0]",['SH']
WSL_0466,An anonymous account created a fake dating profile using my pictures.,0,0,0,1,0,0,66E IT Act / 77 BNS,digital harassment/privacy violation,Synthetic-Template,"[0, 0, 0, 1, 0, 0]",['CA']
WSL_0919,My team lead makes inappropriate comments about my appearance and threatens my job when I complain.,0,1,0,0,1,0,354A IPC / POSH Act,combined SH and WH,Synthetic-Template,"[0, 1, 0, 0, 1, 0]","['SH', 'WH']"
WSL_0178,An anonymous account sent me obscene images repeatedly and also threatened to find where I live.,0,1,0,1,0,0,509 IPC / IT Act Sec 67,combined SH and CA,Synthetic-Template,"[0, 1, 0, 1, 0, 0]","['SH', 'CA']"
WSL_1051,I recently discovered that a man I rejected has been posting my photos on adult content forums without my knowledge.,0,0,0,1,0,0,67A IT Act,diverse narrative style,Synthetic-Diverse,"[0, 0, 0, 1, 0, 0]",['CA']
WSL_0629,My partner controls my finances and beats me and threatened to post my private photos online.,1,0,0,1,0,0,498A IPC / 66E IT Act,combined DV and CA,Synthetic-Template,"[1, 0, 0, 1, 0, 0]","['DV', 'CA']"
WSL_0494,My neighbor waits outside my house every morning.,0,0,1,0,0,0,354D IPC / 78 BNS,repeated unwanted contact/presence,Synthetic-Template,"[0, 0, 1, 0, 0, 0]",['ST']
WSL_0653,A classmate keeps following me from college to my bus stop every day.,0,0,1,0,0,0,354D IPC / 78 BNS,repeated unwanted contact/presence,Synthetic-Template,"[0, 0, 1, 0, 0, 0]",['ST']
WSL_0431,A man in the metro made suggestive comments while collecting money.,0,1,0,0,0,0,354 IPC / 74 BNS,public/private harassment incident,Synthetic-Template,"[0, 1, 0, 0, 0, 0]",['SH']
WSL_0683,A client keeps asking me to stay back late alone with him.,0,0,0,0,1,0,POSH Act Sec 2n,workplace harassment pattern,Synthetic-Template,"[0, 0, 0, 0, 1, 0]",['WH']
WSL_0568,A man at the gym pressed himself against me deliberately in a crowd.,0,1,0,0,0,0,354 IPC / 74 BNS,public/private harassment incident,Synthetic-Template,"[0, 1, 0, 0, 0, 0]",['SH']
WSL_0008,A relative at a family function made lewd comments about my body.,0,1,0,0,0,0,354 IPC / 74 BNS,public/private harassment incident,Synthetic-Template,"[0, 1, 0, 0, 0, 0]",['SH']
WSL_0995,A man I matched with online keeps sending me threatening messages after I stopped replying.,0,0,0,1,0,0,66E IT Act / 77 BNS,digital harassment/privacy violation,Synthetic-Template,"[0, 0, 0, 1, 0, 0]",['CA']
WSL_0156,A man I don't know keeps following me from college to my bus stop every day.,0,0,1,0,0,0,354D IPC / 78 BNS,repeated unwanted contact/presence,Synthetic-Template,"[0, 0, 1, 0, 0, 0]",['ST']
WSL_0763,My husband's family have been cruel to me since marriage and have threatened my family over an inheritance dispute.,1,0,0,0,0,1,498A IPC / case-specific,combined DV and OV,Synthetic-Template,"[1, 0, 0, 0, 0, 1]","['DV', 'OV']"
WSL_0358,A classmate follows my car every day on my commute.,0,0,1,0,0,0,354D IPC / 78 BNS,repeated unwanted contact/presence,Synthetic-Template,"[0, 0, 1, 0, 0, 0]",['ST']
WSL_0696,Someone from college waits outside my house daily and now sends me threatening messages online.,0,0,1,1,0,0,354D IPC / IT Act,combined ST and CA,Synthetic-Template,"[0, 0, 1, 1, 0, 0]","['ST', 'CA']"
WSL_0224,A relative at a family function tried to touch me before I managed to get away.,0,1,0,0,0,0,354 IPC / 74 BNS,public/private harassment incident,Synthetic-Template,"[0, 1, 0, 0, 0, 0]",['SH']
WSL_0330,My supervisor makes sexual jokes directed at me in front of the team.,0,0,0,0,1,0,POSH Act Sec 2n,workplace harassment pattern,Synthetic-Template,"[0, 0, 0, 0, 1, 0]",['WH']
WSL_0584,A man I rejected waits outside my house daily and also created a fake profile to message me.,0,0,1,1,0,0,354D IPC / IT Act,combined ST and CA,Synthetic-Template,"[0, 0, 1, 1, 0, 0]","['ST', 'CA']"
WSL_0526,My husband's family controls all my money and won't let me work. I am scared to go home most days now.,1,0,0,0,0,0,498A IPC / 85 BNS,physical/verbal abuse pattern,Synthetic-Template,"[1, 0, 0, 0, 0, 0]",['DV']
WSL_0942,A former colleague tracks my location through mutual friends.,0,0,1,0,0,0,354D IPC / 78 BNS,repeated unwanted contact/presence,Synthetic-Template,"[0, 0, 1, 0, 0, 0]",['ST']
WSL_0436,My former colleague is sending me rape threats through anonymous accounts.,0,0,0,1,0,0,66E IT Act / 77 BNS,digital harassment/privacy violation,Synthetic-Template,"[0, 0, 0, 1, 0, 0]",['CA']
WSL_0658,My husband and his mother hit me with a belt over a small disagreement. This has been going on for over a year.,1,0,0,0,0,0,498A IPC / 85 BNS,physical/verbal abuse pattern,Synthetic-Template,"[1, 0, 0, 0, 0, 0]",['DV']
WSL_0803,My brother-in-law denies me medical treatment even when injured. This has been going on for over a year.,1,0,0,0,0,0,498A IPC / 85 BNS,physical/verbal abuse pattern,Synthetic-Template,"[1, 0, 0, 0, 0, 0]",['DV']
WSL_0630,My stepfather burnt my hand during an argument.,1,0,0,0,0,0,498A IPC / 85 BNS,physical/verbal abuse pattern,Synthetic-Template,"[1, 0, 0, 0, 0, 0]",['DV']
WSL_0482,My in-laws vandalized my shop and left a threatening note.,0,0,0,0,0,1,"Case-specific, not clearly mapped",requires further context,Synthetic-Template,"[0, 0, 0, 0, 0, 1]",['OV']
WSL_0671,A man I matched with online hacked my email to message my contacts inappropriately.,0,0,0,1,0,0,66E IT Act / 77 BNS,digital harassment/privacy violation,Synthetic-Template,"[0, 0, 0, 1, 0, 0]",['CA']
WSL_1050,Someone screenshotted a private conversation from months ago and has been circulating it out of context to embarrass me.,0,0,0,1,0,0,IT Act Sec 66,diverse narrative style,Synthetic-Diverse,"[0, 0, 0, 1, 0, 0]",['CA']
WSL_0732,My team lead insists on private one-on-one meetings.,0,0,0,0,1,0,POSH Act Sec 2n,workplace harassment pattern,Synthetic-Template,"[0, 0, 0, 0, 1, 0]",['WH']
WSL_0934,A man at the gym forcibly kissed me without my consent.,0,1,0,0,0,0,354 IPC / 74 BNS,public/private harassment incident,Synthetic-Template,"[0, 1, 0, 0, 0, 0]",['SH']
WSL_0614,My relatives are trying to evict me illegally with intimidation.,0,0,0,0,0,1,"Case-specific, not clearly mapped",requires further context,Synthetic-Template,"[0, 0, 0, 0, 0, 1]",['OV']
WSL_1035,"It started small — he would just show up at the same coffee shop I go to, but now he's outside my house almost every day.",0,0,1,0,0,0,354D IPC,diverse narrative style,Synthetic-Diverse,"[0, 0, 1, 0, 0, 0]",['ST']
WSL_0893,A man I matched with online is threatening to post my private photos online.,0,0,0,1,0,0,66E IT Act / 77 BNS,digital harassment/privacy violation,Synthetic-Template,"[0, 0, 0, 1, 0, 0]",['CA']
WSL_0818,My team lead makes inappropriate comments about my appearance in front of the entire team.,0,1,0,0,1,0,354A IPC / POSH Act,combined SH and WH,Synthetic-Template,"[0, 1, 0, 0, 1, 0]","['SH', 'WH']"
WSL_0992,My stepfather took my salary and gives me no money. It has gotten worse in the last few months.,1,0,0,0,0,0,498A IPC / 85 BNS,physical/verbal abuse pattern,Synthetic-Template,"[1, 0, 0, 0, 0, 0]",['DV']
WSL_0164,My father-in-law threatened to kill me if I told my parents. It happens almost every week.,1,0,0,0,0,0,498A IPC / 85 BNS,physical/verbal abuse pattern,Synthetic-Template,"[1, 0, 0, 0, 0, 0]",['DV']
WSL_0229,A man on the street pressed himself against me deliberately in a crowd.,0,1,0,0,0,0,354 IPC / 74 BNS,public/private harassment incident,Synthetic-Template,"[0, 1, 0, 0, 0, 0]",['SH']
WSL_0483,A man I don't know keeps contacting my family members.,0,0,1,0,0,0,354D IPC / 78 BNS,repeated unwanted contact/presence,Synthetic-Template,"[0, 0, 1, 0, 0, 0]",['ST']
WSL_0844,My ex-boyfriend watches my house through his window constantly.,0,0,1,0,0,0,354D IPC / 78 BNS,repeated unwanted contact/presence,Synthetic-Template,"[0, 0, 1, 0, 0, 0]",['ST']
WSL_0213,My tuition teacher pressed himself against me deliberately in a crowd.,0,1,0,0,0,0,354 IPC / 74 BNS,public/private harassment incident,Synthetic-Template,"[0, 1, 0, 0, 0, 0]",['SH']
WSL_0886,A guest at a party tried to touch me before I managed to get away.,0,1,0,0,0,0,354 IPC / 74 BNS,public/private harassment incident,Synthetic-Template,"[0, 1, 0, 0, 0, 0]",['SH']
WSL_0080,My supervisor keeps making sexual jokes in front of the entire team.,0,1,0,0,1,0,354A IPC / POSH Act,combined SH and WH,Synthetic-Template,"[0, 1, 0, 0, 1, 0]","['SH', 'WH']"
WSL_0149,My landlord's men vandalized my shop and left a threatening note.,0,0,0,0,0,1,"Case-specific, not clearly mapped",requires further context,Synthetic-Template,"[0, 0, 0, 0, 0, 1]",['OV']
WSL_0303,Someone from college is threatening to leak our private videos.,0,0,0,1,0,0,66E IT Act / 77 BNS,digital harassment/privacy violation,Synthetic-Template,"[0, 0, 0, 1, 0, 0]",['CA']
WSL_0950,Someone from college waits outside my house daily and also created a fake profile to message me.,0,0,1,1,0,0,354D IPC / IT Act,combined ST and CA,Synthetic-Template,"[0, 0, 1, 1, 0, 0]","['ST', 'CA']"
WSL_0443,Someone I rejected online found my home address and shows up unannounced.,0,0,1,0,0,0,354D IPC / 78 BNS,repeated unwanted contact/presence,Synthetic-Template,"[0, 0, 1, 0, 0, 0]",['ST']
WSL_0590,Someone from college keeps following me everywhere I go and also created a fake profile to message me.,0,0,1,1,0,0,354D IPC / IT Act,combined ST and CA,Synthetic-Template,"[0, 0, 1, 1, 0, 0]","['ST', 'CA']"
WSL_0529,A man I matched with on a dating app keeps messaging me obsessively despite being blocked.,0,0,1,0,0,0,354D IPC / 78 BNS,repeated unwanted contact/presence,Synthetic-Template,"[0, 0, 1, 0, 0, 0]",['ST']
WSL_0044,A man I rejected on a matrimonial site has been parking outside my workplace every evening.,0,0,1,0,0,0,354D IPC / 78 BNS,repeated unwanted contact/presence,Synthetic-Template,"[0, 0, 1, 0, 0, 0]",['ST']
WSL_0826,A relative at a family function touched my hand inappropriately during a session.,0,1,0,0,0,0,354 IPC / 74 BNS,public/private harassment incident,Synthetic-Template,"[0, 1, 0, 0, 0, 0]",['SH']
WSL_0134,My neighbor has been parking outside my workplace every evening.,0,0,1,0,0,0,354D IPC / 78 BNS,repeated unwanted contact/presence,Synthetic-Template,"[0, 0, 1, 0, 0, 0]",['ST']
WSL_0637,My community are threatening my life over an inheritance dispute.,0,0,0,0,0,1,"Case-specific, not clearly mapped",requires further context,Synthetic-Template,"[0, 0, 0, 0, 0, 1]",['OV']
WSL_0496,A stranger online keeps following me everywhere I go and also created a fake profile to message me.,0,0,1,1,0,0,354D IPC / IT Act,combined ST and CA,Synthetic-Template,"[0, 0, 1, 1, 0, 0]","['ST', 'CA']"
WSL_0583,My mother-in-law threatens to take away my children if I complain.,1,0,0,0,0,0,498A IPC / 85 BNS,physical/verbal abuse pattern,Synthetic-Template,"[1, 0, 0, 0, 0, 0]",['DV']
WSL_0312,My father-in-law beats me over small household matters. It has gotten worse in the last few months.,1,0,0,0,0,0,498A IPC / 85 BNS,physical/verbal abuse pattern,Synthetic-Template,"[1, 0, 0, 0, 0, 0]",['DV']
WSL_0409,A stranger online is spreading false rumors about me in group chats.,0,0,0,1,0,0,66E IT Act / 77 BNS,digital harassment/privacy violation,Synthetic-Template,"[0, 0, 0, 1, 0, 0]",['CA']
WSL_0553,My team lead keeps making comments implying I should be friendlier.,0,0,0,0,1,0,POSH Act Sec 2n,workplace harassment pattern,Synthetic-Template,"[0, 0, 0, 0, 1, 0]",['WH']
WSL_0707,My community locked me in a room to stop me meeting someone.,0,0,0,0,0,1,"Case-specific, not clearly mapped",requires further context,Synthetic-Template,"[0, 0, 0, 0, 0, 1]",['OV']
WSL_0555,My driving instructor pressed himself against me deliberately in a crowd.,0,1,0,0,0,0,354 IPC / 74 BNS,public/private harassment incident,Synthetic-Template,"[0, 1, 0, 0, 0, 0]",['SH']
WSL_0911,A stranger online hacked my social media account.,0,0,0,1,0,0,66E IT Act / 77 BNS,digital harassment/privacy violation,Synthetic-Template,"[0, 0, 0, 1, 0, 0]",['CA']
WSL_1060,"During my performance review, my supervisor implied that a good rating would depend on how 'accommodating' I was willing to be.",0,0,0,0,1,0,POSH Act Sec 2n,diverse narrative style,Synthetic-Diverse,"[0, 0, 0, 0, 1, 0]",['WH']
WSL_0001,A senior at college kept staring and making explicit comments.,0,1,0,0,0,0,354 IPC / 74 BNS,public/private harassment incident,Synthetic-Template,"[0, 1, 0, 0, 0, 0]",['SH']
WSL_0423,My husband's family physically abuse me regularly and have threatened my family over an inheritance dispute.,1,0,0,0,0,1,498A IPC / case-specific,combined DV and OV,Synthetic-Template,"[1, 0, 0, 0, 0, 1]","['DV', 'OV']"
WSL_0361,A rickshaw driver made lewd comments about my body.,0,1,0,0,0,0,354 IPC / 74 BNS,public/private harassment incident,Synthetic-Template,"[0, 1, 0, 0, 0, 0]",['SH']
WSL_0383,My in-laws controls all my money and won't let me work. I am scared to go home most days now.,1,0,0,0,0,0,498A IPC / 85 BNS,physical/verbal abuse pattern,Synthetic-Template,"[1, 0, 0, 0, 0, 0]",['DV']
WSL_0317,An anonymous account is spreading false rumors about me in group chats.,0,0,0,1,0,0,66E IT Act / 77 BNS,digital harassment/privacy violation,Synthetic-Template,"[0, 0, 0, 1, 0, 0]",['CA']
WSL_0897,My mother-in-law drags me by the hair whenever dinner is late. This has been going on for over a year.,1,0,0,0,0,0,498A IPC / 85 BNS,physical/verbal abuse pattern,Synthetic-Template,"[1, 0, 0, 0, 0, 0]",['DV']
WSL_0817,An anonymous account keeps sending me threatening messages after I stopped replying.,0,0,0,1,0,0,66E IT Act / 77 BNS,digital harassment/privacy violation,Synthetic-Template,"[0, 0, 0, 1, 0, 0]",['CA']
WSL_0634,My mother-in-law does not let me contact my family.,1,0,0,0,0,0,498A IPC / 85 BNS,physical/verbal abuse pattern,Synthetic-Template,"[1, 0, 0, 0, 0, 0]",['DV']
WSL_0850,My tuition teacher made suggestive comments while collecting money.,0,1,0,0,0,0,354 IPC / 74 BNS,public/private harassment incident,Synthetic-Template,"[0, 1, 0, 0, 0, 0]",['SH']
WSL_0616,My stepfather verbally abuses me daily in front of relatives. I am scared to go home most days now.,1,0,0,0,0,0,498A IPC / 85 BNS,physical/verbal abuse pattern,Synthetic-Template,"[1, 0, 0, 0, 0, 0]",['DV']
WSL_1049,"Since I posted about a social issue online, I've been receiving a constant stream of rape and death threats from anonymous accounts.",0,0,0,1,0,0,IT Act Sec 66 / 509 IPC,diverse narrative style,Synthetic-Diverse,"[0, 0, 0, 1, 0, 0]",['CA']
WSL_0507,My husband and his mother denies me medical treatment even when injured. I am scared to go home most days now.,1,0,0,0,0,0,498A IPC / 85 BNS,physical/verbal abuse pattern,Synthetic-Template,"[1, 0, 0, 0, 0, 0]",['DV']
WSL_0173,A man in the metro exposed himself to me in public.,0,1,0,0,0,0,354 IPC / 74 BNS,public/private harassment incident,Synthetic-Template,"[0, 1, 0, 0, 0, 0]",['SH']
WSL_0451,A man on the bus forced himself on me despite me saying no clearly.,0,1,0,0,0,0,354 IPC / 74 BNS,public/private harassment incident,Synthetic-Template,"[0, 1, 0, 0, 0, 0]",['SH']
WSL_0126,My husband and his mother throws things at me during arguments. It has gotten worse in the last few months.,1,0,0,0,0,0,498A IPC / 85 BNS,physical/verbal abuse pattern,Synthetic-Template,"[1, 0, 0, 0, 0, 0]",['DV']
WSL_0552,A delivery man tried to corner me and touch me against my will.,0,1,0,0,0,0,354 IPC / 74 BNS,public/private harassment incident,Synthetic-Template,"[0, 1, 0, 0, 0, 0]",['SH']
WSL_0810,My husband and his mother burnt my hand during an argument. This started right after our marriage.,1,0,0,0,0,0,498A IPC / 85 BNS,physical/verbal abuse pattern,Synthetic-Template,"[1, 0, 0, 0, 0, 0]",['DV']
WSL_0693,An anonymous account is threatening to leak my chats unless I pay money.,0,0,0,1,0,0,66E IT Act / 77 BNS,digital harassment/privacy violation,Synthetic-Template,"[0, 0, 0, 1, 0, 0]",['CA']
WSL_1032,"At a work conference, a fellow attendee I had just met made unwanted advances and wouldn't take no for an answer.",0,1,0,0,0,0,354A IPC,diverse narrative style,Synthetic-Diverse,"[0, 1, 0, 0, 0, 0]",['SH']
WSL_0091,Someone from college morphed my photos and circulated them in a group chat.,0,0,0,1,0,0,66E IT Act / 77 BNS,digital harassment/privacy violation,Synthetic-Template,"[0, 0, 0, 1, 0, 0]",['CA']
WSL_1054,"After I ended things with him, my ex started a smear campaign against me across multiple social media platforms.",0,0,0,1,0,0,IT Act Sec 66,diverse narrative style,Synthetic-Diverse,"[0, 0, 0, 1, 0, 0]",['CA']
WSL_0182,My stepfather pushed me down the stairs during a fight. This has been going on for over a year.,1,0,0,0,0,0,498A IPC / 85 BNS,physical/verbal abuse pattern,Synthetic-Template,"[1, 0, 0, 0, 0, 0]",['DV']
WSL_0364,My tuition teacher tried to corner me and touch me against my will.,0,1,0,0,0,0,354 IPC / 74 BNS,public/private harassment incident,Synthetic-Template,"[0, 1, 0, 0, 0, 0]",['SH']
WSL_0542,My ex-boyfriend is posting fake defamatory comments about me publicly.,0,0,0,1,0,0,66E IT Act / 77 BNS,digital harassment/privacy violation,Synthetic-Template,"[0, 0, 0, 1, 0, 0]",['CA']
WSL_0275,A stranger online is posting fake defamatory comments about me publicly.,0,0,0,1,0,0,66E IT Act / 77 BNS,digital harassment/privacy violation,Synthetic-Template,"[0, 0, 0, 1, 0, 0]",['CA']
WSL_0873,My husband's family starves me for days as punishment. It has gotten worse in the last few months.,1,0,0,0,0,0,498A IPC / 85 BNS,physical/verbal abuse pattern,Synthetic-Template,"[1, 0, 0, 0, 0, 0]",['DV']
WSL_0252,My husband pushes and shoves me during every argument. This has been going on for over a year.,1,0,0,0,0,0,498A IPC / 85 BNS,physical/verbal abuse pattern,Synthetic-Template,"[1, 0, 0, 0, 0, 0]",['DV']
WSL_0070,A man at the gym kept staring and making explicit comments.,0,1,0,0,0,0,354 IPC / 74 BNS,public/private harassment incident,Synthetic-Template,"[0, 1, 0, 0, 0, 0]",['SH']
WSL_0292,My community are threatening to harm me over a land dispute.,0,0,0,0,0,1,"Case-specific, not clearly mapped",requires further context,Synthetic-Template,"[0, 0, 0, 0, 0, 1]",['OV']
WSL_0132,Someone created a fake dating profile using my pictures.,0,0,0,1,0,0,66E IT Act / 77 BNS,digital harassment/privacy violation,Synthetic-Template,"[0, 0, 0, 1, 0, 0]",['CA']
WSL_0301,My ex-boyfriend follows my car every day on my commute.,0,0,1,0,0,0,354D IPC / 78 BNS,repeated unwanted contact/presence,Synthetic-Template,"[0, 0, 1, 0, 0, 0]",['ST']
WSL_0550,My family threatened to disown me over my relationship choice.,0,0,0,0,0,1,"Case-specific, not clearly mapped",requires further context,Synthetic-Template,"[0, 0, 0, 0, 0, 1]",['OV']
WSL_0327,My husband controls my finances and beats me and leaked intimate photos to my family.,1,0,0,1,0,0,498A IPC / 66E IT Act,combined DV and CA,Synthetic-Template,"[1, 0, 0, 1, 0, 0]","['DV', 'CA']"
WSL_0145,My landlord exposed himself to me in public.,0,1,0,0,0,0,354 IPC / 74 BNS,public/private harassment incident,Synthetic-Template,"[0, 1, 0, 0, 0, 0]",['SH']
WSL_0851,A vendor at work cornered me in the pantry inappropriately.,0,0,0,0,1,0,POSH Act Sec 2n,workplace harassment pattern,Synthetic-Template,"[0, 0, 0, 0, 1, 0]",['WH']
WSL_0676,My partner controls my finances and beats me and is blackmailing me with our private videos.,1,0,0,1,0,0,498A IPC / 66E IT Act,combined DV and CA,Synthetic-Template,"[1, 0, 0, 1, 0, 0]","['DV', 'CA']"
WSL_0946,My tuition teacher exposed himself to me in public.,0,1,0,0,0,0,354 IPC / 74 BNS,public/private harassment incident,Synthetic-Template,"[0, 1, 0, 0, 0, 0]",['SH']
WSL_0136,A man at the gym tried to corner me and touch me against my will.,0,1,0,0,0,0,354 IPC / 74 BNS,public/private harassment incident,Synthetic-Template,"[0, 1, 0, 0, 0, 0]",['SH']
WSL_0339,A man I matched with online created a fake dating profile using my pictures.,0,0,0,1,0,0,66E IT Act / 77 BNS,digital harassment/privacy violation,Synthetic-Template,"[0, 0, 0, 1, 0, 0]",['CA']
WSL_1042,"A man I met briefly at a wedding has since shown up at three different events I attended, which cannot be a coincidence.",0,0,1,0,0,0,354D IPC,diverse narrative style,Synthetic-Diverse,"[0, 0, 1, 0, 0, 0]",['ST']
WSL_0165,My father-in-law slaps me in front of the children. This started right after our marriage.,1,0,0,0,0,0,498A IPC / 85 BNS,physical/verbal abuse pattern,Synthetic-Template,"[1, 0, 0, 0, 0, 0]",['DV']
WSL_0029,Someone from my past sends me sexually explicit messages and knows personal details about me.,0,1,0,1,0,0,509 IPC / IT Act Sec 67,combined SH and CA,Synthetic-Template,"[0, 1, 0, 1, 0, 0]","['SH', 'CA']"
WSL_0651,A vendor at work excludes me from meetings since I rejected his advances.,0,0,0,0,1,0,POSH Act Sec 2n,workplace harassment pattern,Synthetic-Template,"[0, 0, 0, 0, 1, 0]",['WH']
WSL_0194,My boss denied me a raise after I rejected his advances.,0,0,0,0,1,0,POSH Act Sec 2n,workplace harassment pattern,Synthetic-Template,"[0, 0, 0, 0, 1, 0]",['WH']
WSL_1084,My husband controls my finances completely and recently threatened to post embarrassing videos of me if I tried to leave him.,1,0,0,1,0,0,498A IPC / 66E IT Act,diverse multi-issue narrative,Synthetic-Diverse,"[1, 0, 0, 1, 0, 0]","['DV', 'CA']"
WSL_0740,A relative at a family function made sexual comments about me in front of others.,0,1,0,0,0,0,354 IPC / 74 BNS,public/private harassment incident,Synthetic-Template,"[0, 1, 0, 0, 0, 0]",['SH']
WSL_0434,A senior colleague makes inappropriate comments about my appearance and threatens my job when I complain.,0,1,0,0,1,0,354A IPC / POSH Act,combined SH and WH,Synthetic-Template,"[0, 1, 0, 0, 1, 0]","['SH', 'WH']"
WSL_0635,A man I rejected is sending death threats through anonymous email.,0,0,0,1,0,0,66E IT Act / 77 BNS,digital harassment/privacy violation,Synthetic-Template,"[0, 0, 0, 1, 0, 0]",['CA']
WSL_0170,My ex-boyfriend is spreading false rumors about me in group chats.,0,0,0,1,0,0,66E IT Act / 77 BNS,digital harassment/privacy violation,Synthetic-Template,"[0, 0, 0, 1, 0, 0]",['CA']
WSL_0582,A guest at a party groped me and disappeared into the crowd.,0,1,0,0,0,0,354 IPC / 74 BNS,public/private harassment incident,Synthetic-Template,"[0, 1, 0, 0, 0, 0]",['SH']
WSL_0141,A man on the bus made inappropriate comments during a private session.,0,1,0,0,0,0,354 IPC / 74 BNS,public/private harassment incident,Synthetic-Template,"[0, 1, 0, 0, 0, 0]",['SH']
WSL_0174,My ex-partner is posting fake defamatory comments about me publicly.,0,0,0,1,0,0,66E IT Act / 77 BNS,digital harassment/privacy violation,Synthetic-Template,"[0, 0, 0, 1, 0, 0]",['CA']
WSL_0007,My brother-in-law does not let me contact my family. This has been going on for over a year.,1,0,0,0,0,0,498A IPC / 85 BNS,physical/verbal abuse pattern,Synthetic-Template,"[1, 0, 0, 0, 0, 0]",['DV']
WSL_0744,A client keeps making comments implying I should be friendlier.,0,0,0,0,1,0,POSH Act Sec 2n,workplace harassment pattern,Synthetic-Template,"[0, 0, 0, 0, 1, 0]",['WH']
WSL_0666,My manager excludes me from meetings since I rejected his advances.,0,0,0,0,1,0,POSH Act Sec 2n,workplace harassment pattern,Synthetic-Template,"[0, 0, 0, 0, 1, 0]",['WH']
WSL_0754,A former colleague keeps messaging me obsessively despite being blocked.,0,0,1,0,0,0,354D IPC / 78 BNS,repeated unwanted contact/presence,Synthetic-Template,"[0, 0, 1, 0, 0, 0]",['ST']
WSL_0492,My husband and his mother forced me to sign over my property documents. This has been going on for over a year.,1,0,0,0,0,0,498A IPC / 85 BNS,physical/verbal abuse pattern,Synthetic-Template,"[1, 0, 0, 0, 0, 0]",['DV']
WSL_0074,My brother-in-law locked me inside the house for days. I am scared to go home most days now.,1,0,0,0,0,0,498A IPC / 85 BNS,physical/verbal abuse pattern,Synthetic-Template,"[1, 0, 0, 0, 0, 0]",['DV']
WSL_0791,My former colleague is threatening to leak my chats unless I pay money.,0,0,0,1,0,0,66E IT Act / 77 BNS,digital harassment/privacy violation,Synthetic-Template,"[0, 0, 0, 1, 0, 0]",['CA']
WSL_0235,My stepfather denies me medical treatment even when injured. It happens almost every week.,1,0,0,0,0,0,498A IPC / 85 BNS,physical/verbal abuse pattern,Synthetic-Template,"[1, 0, 0, 0, 0, 0]",['DV']
WSL_0215,A man on the bus made sexual comments about me in front of others.,0,1,0,0,0,0,354 IPC / 74 BNS,public/private harassment incident,Synthetic-Template,"[0, 1, 0, 0, 0, 0]",['SH']
WSL_0765,A man on the bus made lewd comments about my body.,0,1,0,0,0,0,354 IPC / 74 BNS,public/private harassment incident,Synthetic-Template,"[0, 1, 0, 0, 0, 0]",['SH']
WSL_0133,My stepfather does not let me contact my family. It has gotten worse in the last few months.,1,0,0,0,0,0,498A IPC / 85 BNS,physical/verbal abuse pattern,Synthetic-Template,"[1, 0, 0, 0, 0, 0]",['DV']
WSL_0598,My father-in-law hit me with a belt over a small disagreement. This has been going on for over a year.,1,0,0,0,0,0,498A IPC / 85 BNS,physical/verbal abuse pattern,Synthetic-Template,"[1, 0, 0, 0, 0, 0]",['DV']
WSL_0760,My boss keeps commenting on my appearance during meetings.,0,0,0,0,1,0,POSH Act Sec 2n,workplace harassment pattern,Synthetic-Template,"[0, 0, 0, 0, 1, 0]",['WH']
WSL_0186,My ex-boyfriend created a fake dating profile using my pictures.,0,0,0,1,0,0,66E IT Act / 77 BNS,digital harassment/privacy violation,Synthetic-Template,"[0, 0, 0, 1, 0, 0]",['CA']
WSL_0042,A man in the metro tried to corner me and touch me against my will.,0,1,0,0,0,0,354 IPC / 74 BNS,public/private harassment incident,Synthetic-Template,"[0, 1, 0, 0, 0, 0]",['SH']
WSL_0109,A man I matched with on a dating app watches my house through his window constantly.,0,0,1,0,0,0,354D IPC / 78 BNS,repeated unwanted contact/presence,Synthetic-Template,"[0, 0, 1, 0, 0, 0]",['ST']
WSL_0685,A senior at college touched me inappropriately and acted like nothing happened.,0,1,0,0,0,0,354 IPC / 74 BNS,public/private harassment incident,Synthetic-Template,"[0, 1, 0, 0, 0, 0]",['SH']
WSL_0534,My stepfather threatens to take away my children if I complain. This has been going on for over a year.,1,0,0,0,0,0,498A IPC / 85 BNS,physical/verbal abuse pattern,Synthetic-Template,"[1, 0, 0, 0, 0, 0]",['DV']
WSL_0808,My in-laws are threatening to harm me over a land dispute.,0,0,0,0,0,1,"Case-specific, not clearly mapped",requires further context,Synthetic-Template,"[0, 0, 0, 0, 0, 1]",['OV']
WSL_0484,A coworker denied me a raise after I rejected his advances.,0,0,0,0,1,0,POSH Act Sec 2n,workplace harassment pattern,Synthetic-Template,"[0, 0, 0, 0, 1, 0]",['WH']
WSL_0469,A senior at college made inappropriate comments during a private session.,0,1,0,0,0,0,354 IPC / 74 BNS,public/private harassment incident,Synthetic-Template,"[0, 1, 0, 0, 0, 0]",['SH']
WSL_0025,A senior executive makes sexual jokes directed at me in front of the team.,0,0,0,0,1,0,POSH Act Sec 2n,workplace harassment pattern,Synthetic-Template,"[0, 0, 0, 0, 1, 0]",['WH']
WSL_0543,My in-laws physically abuse me regularly and are threatening to take custody of my children.,1,0,0,0,0,1,498A IPC / case-specific,combined DV and OV,Synthetic-Template,"[1, 0, 0, 0, 0, 1]","['DV', 'OV']"
WSL_0558,My in-laws are pressuring me into a marriage I don't want.,0,0,0,0,0,1,"Case-specific, not clearly mapped",requires further context,Synthetic-Template,"[0, 0, 0, 0, 0, 1]",['OV']
WSL_0615,My relatives are pressuring me into a marriage I don't want.,0,0,0,0,0,1,"Case-specific, not clearly mapped",requires further context,Synthetic-Template,"[0, 0, 0, 0, 0, 1]",['OV']
WSL_0802,My boss keeps asking me to stay back late alone with him.,0,0,0,0,1,0,POSH Act Sec 2n,workplace harassment pattern,Synthetic-Template,"[0, 0, 0, 0, 1, 0]",['WH']
WSL_0367,A senior at college pressed himself against me deliberately in a crowd.,0,1,0,0,0,0,354 IPC / 74 BNS,public/private harassment incident,Synthetic-Template,"[0, 1, 0, 0, 0, 0]",['SH']
WSL_0679,A vendor at work sends me inappropriate messages on our work chat.,0,0,0,0,1,0,POSH Act Sec 2n,workplace harassment pattern,Synthetic-Template,"[0, 0, 0, 0, 1, 0]",['WH']
WSL_0384,A man I rejected keeps following me everywhere I go and now sends me threatening messages online.,0,0,1,1,0,0,354D IPC / IT Act,combined ST and CA,Synthetic-Template,"[0, 0, 1, 1, 0, 0]","['ST', 'CA']"
WSL_0455,My relatives threw stones at my house after a dispute.,0,0,0,0,0,1,"Case-specific, not clearly mapped",requires further context,Synthetic-Template,"[0, 0, 0, 0, 0, 1]",['OV']
WSL_0265,My ex-partner morphed my photos and circulated them in a group chat.,0,0,0,1,0,0,66E IT Act / 77 BNS,digital harassment/privacy violation,Synthetic-Template,"[0, 0, 0, 1, 0, 0]",['CA']
WSL_0621,A delivery man forced himself on me despite me saying no clearly.,0,1,0,0,0,0,354 IPC / 74 BNS,public/private harassment incident,Synthetic-Template,"[0, 1, 0, 0, 0, 0]",['SH']
WSL_0790,My in-laws refuses to let me leave the house without permission. I am scared to go home most days now.,1,0,0,0,0,0,498A IPC / 85 BNS,physical/verbal abuse pattern,Synthetic-Template,"[1, 0, 0, 0, 0, 0]",['DV']
WSL_0445,A stranger online waits outside my house daily and also created a fake profile to message me.,0,0,1,1,0,0,354D IPC / IT Act,combined ST and CA,Synthetic-Template,"[0, 0, 1, 1, 0, 0]","['ST', 'CA']"
WSL_0396,My stepfather hits me whenever he comes home drunk.,1,0,0,0,0,0,498A IPC / 85 BNS,physical/verbal abuse pattern,Synthetic-Template,"[1, 0, 0, 0, 0, 0]",['DV']
WSL_0177,A former colleague watches my house through his window constantly.,0,0,1,0,0,0,354D IPC / 78 BNS,repeated unwanted contact/presence,Synthetic-Template,"[0, 0, 1, 0, 0, 0]",['ST']
WSL_0019,A rickshaw driver touched me inappropriately and acted like nothing happened.,0,1,0,0,0,0,354 IPC / 74 BNS,public/private harassment incident,Synthetic-Template,"[0, 1, 0, 0, 0, 0]",['SH']
WSL_0925,A man I matched with online is threatening to leak my chats unless I pay money.,0,0,0,1,0,0,66E IT Act / 77 BNS,digital harassment/privacy violation,Synthetic-Template,"[0, 0, 0, 1, 0, 0]",['CA']
WSL_0823,My driving instructor forced himself on me despite me saying no clearly.,0,1,0,0,0,0,354 IPC / 74 BNS,public/private harassment incident,Synthetic-Template,"[0, 1, 0, 0, 0, 0]",['SH']
WSL_0062,My husband and his mother verbally abuses me daily in front of relatives. This has been going on for over a year.,1,0,0,0,0,0,498A IPC / 85 BNS,physical/verbal abuse pattern,Synthetic-Template,"[1, 0, 0, 0, 0, 0]",['DV']
WSL_0273,A senior colleague threatened a bad review if I didn't meet him outside work.,0,0,0,0,1,0,POSH Act Sec 2n,workplace harassment pattern,Synthetic-Template,"[0, 0, 0, 0, 1, 0]",['WH']
WSL_1018,"I've tried talking to my husband about his behavior, but he just gets angrier and has started threatening me with more serious harm.",1,0,0,0,0,0,498A IPC / 351 BNS,diverse narrative style,Synthetic-Diverse,"[1, 0, 0, 0, 0, 0]",['DV']
WSL_0279,A man I don't know found my home address and shows up unannounced.,0,0,1,0,0,0,354D IPC / 78 BNS,repeated unwanted contact/presence,Synthetic-Template,"[0, 0, 1, 0, 0, 0]",['ST']
WSL_0680,My neighbor made inappropriate comments during a private session.,0,1,0,0,0,0,354 IPC / 74 BNS,public/private harassment incident,Synthetic-Template,"[0, 1, 0, 0, 0, 0]",['SH']
WSL_0369,My brother-in-law refuses to let me leave the house without permission. I am scared to go home most days now.,1,0,0,0,0,0,498A IPC / 85 BNS,physical/verbal abuse pattern,Synthetic-Template,"[1, 0, 0, 0, 0, 0]",['DV']
WSL_0717,My family threw stones at my house after a dispute.,0,0,0,0,0,1,"Case-specific, not clearly mapped",requires further context,Synthetic-Template,"[0, 0, 0, 0, 0, 1]",['OV']
WSL_0667,My brother-in-law took my salary and gives me no money. It happens almost every week.,1,0,0,0,0,0,498A IPC / 85 BNS,physical/verbal abuse pattern,Synthetic-Template,"[1, 0, 0, 0, 0, 0]",['DV']
WSL_0632,My brother-in-law grabbed me by the hair and hit my head against the wall. It has gotten worse in the last few months.,1,0,0,0,0,0,498A IPC / 85 BNS,physical/verbal abuse pattern,Synthetic-Template,"[1, 0, 0, 0, 0, 0]",['DV']
WSL_0548,My in-laws forced me into an early marriage.,0,0,0,0,0,1,"Case-specific, not clearly mapped",requires further context,Synthetic-Template,"[0, 0, 0, 0, 0, 1]",['OV']
WSL_0849,My husband hits me regularly and threatened to post my private photos online.,1,0,0,1,0,0,498A IPC / 66E IT Act,combined DV and CA,Synthetic-Template,"[1, 0, 0, 1, 0, 0]","['DV', 'CA']"
WSL_0729,My husband and his mother starves me for days as punishment. I am scared to go home most days now.,1,0,0,0,0,0,498A IPC / 85 BNS,physical/verbal abuse pattern,Synthetic-Template,"[1, 0, 0, 0, 0, 0]",['DV']
WSL_0457,My in-laws broke my arm last year during a fight. This started right after our marriage.,1,0,0,0,0,0,498A IPC / 85 BNS,physical/verbal abuse pattern,Synthetic-Template,"[1, 0, 0, 0, 0, 0]",['DV']
WSL_0394,My husband grabbed me by the hair and hit my head against the wall.,1,0,0,0,0,0,498A IPC / 85 BNS,physical/verbal abuse pattern,Synthetic-Template,"[1, 0, 0, 0, 0, 0]",['DV']
WSL_0737,My in-laws sent moneylenders to threaten me for repayment.,0,0,0,0,0,1,"Case-specific, not clearly mapped",requires further context,Synthetic-Template,"[0, 0, 0, 0, 0, 1]",['OV']
WSL_1048,My ex found a way to access my old cloud storage and is now threatening to release photos I thought were deleted.,0,0,0,1,0,0,66E IT Act / 67A IT Act,diverse narrative style,Synthetic-Diverse,"[0, 0, 0, 1, 0, 0]",['CA']
WSL_0376,My mother-in-law threatens to throw me out of the house. It has gotten worse in the last few months.,1,0,0,0,0,0,498A IPC / 85 BNS,physical/verbal abuse pattern,Synthetic-Template,"[1, 0, 0, 0, 0, 0]",['DV']
WSL_0413,Someone is spreading false rumors about me in group chats.,0,0,0,1,0,0,66E IT Act / 77 BNS,digital harassment/privacy violation,Synthetic-Template,"[0, 0, 0, 1, 0, 0]",['CA']
WSL_0075,My brother-in-law forced me to quit my job. This has been going on for over a year.,1,0,0,0,0,0,498A IPC / 85 BNS,physical/verbal abuse pattern,Synthetic-Template,"[1, 0, 0, 0, 0, 0]",['DV']
WSL_1014,"I recently found out my husband has been hiding my salary from me and using it without my knowledge, and he gets aggressive if I ask about it.",1,0,0,0,0,0,498A IPC / DV Act Sec 20,diverse narrative style,Synthetic-Diverse,"[1, 0, 0, 0, 0, 0]",['DV']
WSL_0501,Someone I rejected online follows my car every day on my commute.,0,0,1,0,0,0,354D IPC / 78 BNS,repeated unwanted contact/presence,Synthetic-Template,"[0, 0, 1, 0, 0, 0]",['ST']
WSL_0895,My landlord's men threw stones at my house after a dispute.,0,0,0,0,0,1,"Case-specific, not clearly mapped",requires further context,Synthetic-Template,"[0, 0, 0, 0, 0, 1]",['OV']
WSL_0115,My stepfather hit me with a belt over a small disagreement. This has been going on for over a year.,1,0,0,0,0,0,498A IPC / 85 BNS,physical/verbal abuse pattern,Synthetic-Template,"[1, 0, 0, 0, 0, 0]",['DV']
WSL_0418,A man from my building has been parking outside my workplace every evening.,0,0,1,0,0,0,354D IPC / 78 BNS,repeated unwanted contact/presence,Synthetic-Template,"[0, 0, 1, 0, 0, 0]",['ST']
WSL_0090,A local group are pressuring me into a marriage I don't want.,0,0,0,0,0,1,"Case-specific, not clearly mapped",requires further context,Synthetic-Template,"[0, 0, 0, 0, 0, 1]",['OV']
WSL_1041,My neighbor watches me leave every morning and has started timing his own exits to walk the same direction as me.,0,0,1,0,0,0,354D IPC,diverse narrative style,Synthetic-Diverse,"[0, 0, 1, 0, 0, 0]",['ST']
WSL_0999,A man I rejected keeps sending me threatening messages after I stopped replying.,0,0,0,1,0,0,66E IT Act / 77 BNS,digital harassment/privacy violation,Synthetic-Template,"[0, 0, 0, 1, 0, 0]",['CA']
WSL_0766,My husband verbally abuses me daily in front of relatives. I am scared to go home most days now.,1,0,0,0,0,0,498A IPC / 85 BNS,physical/verbal abuse pattern,Synthetic-Template,"[1, 0, 0, 0, 0, 0]",['DV']
WSL_0713,My husband's family burnt my hand during an argument. It happens almost every week.,1,0,0,0,0,0,498A IPC / 85 BNS,physical/verbal abuse pattern,Synthetic-Template,"[1, 0, 0, 0, 0, 0]",['DV']
WSL_0012,My mother-in-law hit me with a belt over a small disagreement. This has been going on for over a year.,1,0,0,0,0,0,498A IPC / 85 BNS,physical/verbal abuse pattern,Synthetic-Template,"[1, 0, 0, 0, 0, 0]",['DV']
WSL_0397,Someone from college is sending me rape threats through anonymous accounts.,0,0,0,1,0,0,66E IT Act / 77 BNS,digital harassment/privacy violation,Synthetic-Template,"[0, 0, 0, 1, 0, 0]",['CA']
WSL_0617,My husband's family threatened to kill me if I told my parents.,1,0,0,0,0,0,498A IPC / 85 BNS,physical/verbal abuse pattern,Synthetic-Template,"[1, 0, 0, 0, 0, 0]",['DV']
WSL_0917,My boss sends me inappropriate messages on our work chat.,0,0,0,0,1,0,POSH Act Sec 2n,workplace harassment pattern,Synthetic-Template,"[0, 0, 0, 0, 1, 0]",['WH']
WSL_0043,A stranger online is threatening to leak our private videos.,0,0,0,1,0,0,66E IT Act / 77 BNS,digital harassment/privacy violation,Synthetic-Template,"[0, 0, 0, 1, 0, 0]",['CA']
WSL_0168,My father-in-law verbally abuses me daily in front of relatives. This started right after our marriage.,1,0,0,0,0,0,498A IPC / 85 BNS,physical/verbal abuse pattern,Synthetic-Template,"[1, 0, 0, 0, 0, 0]",['DV']
WSL_0417,An anonymous account sends me sexually explicit messages and knows personal details about me.,0,1,0,1,0,0,509 IPC / IT Act Sec 67,combined SH and CA,Synthetic-Template,"[0, 1, 0, 1, 0, 0]","['SH', 'CA']"
WSL_0577,My driving instructor tried to start inappropriate conversations repeatedly.,0,1,0,0,0,0,354 IPC / 74 BNS,public/private harassment incident,Synthetic-Template,"[0, 1, 0, 0, 0, 0]",['SH']
WSL_0875,A rickshaw driver pressed himself against me deliberately in a crowd.,0,1,0,0,0,0,354 IPC / 74 BNS,public/private harassment incident,Synthetic-Template,"[0, 1, 0, 0, 0, 0]",['SH']
WSL_0427,My ex-boyfriend hacked my social media account.,0,0,0,1,0,0,66E IT Act / 77 BNS,digital harassment/privacy violation,Synthetic-Template,"[0, 0, 0, 1, 0, 0]",['CA']
WSL_0545,My ex-boyfriend keeps calling me from different numbers.,0,0,1,0,0,0,354D IPC / 78 BNS,repeated unwanted contact/presence,Synthetic-Template,"[0, 0, 1, 0, 0, 0]",['ST']
WSL_1015,My mother-in-law constantly compares me to other daughters-in-law and my husband hits me when I try to defend myself.,1,0,0,0,0,0,498A IPC,diverse narrative style,Synthetic-Diverse,"[1, 0, 0, 0, 0, 0]",['DV']
WSL_1067,I was told by a colleague that my chances of promotion would improve if I was 'friendlier' with upper management.,0,0,0,0,1,0,POSH Act Sec 2n,diverse narrative style,Synthetic-Diverse,"[0, 0, 0, 0, 1, 0]",['WH']
WSL_1020,There was another incident last night where my husband pushed me into the wall and I hit my head.,1,0,0,0,0,0,498A IPC,diverse narrative style,Synthetic-Diverse,"[1, 0, 0, 0, 0, 0]",['DV']
WSL_0714,A stranger at the market kept staring and making explicit comments.,0,1,0,0,0,0,354 IPC / 74 BNS,public/private harassment incident,Synthetic-Template,"[0, 1, 0, 0, 0, 0]",['SH']
WSL_0258,My father-in-law restricts me from speaking to my friends. It has gotten worse in the last few months.,1,0,0,0,0,0,498A IPC / 85 BNS,physical/verbal abuse pattern,Synthetic-Template,"[1, 0, 0, 0, 0, 0]",['DV']
WSL_0336,A man I rejected on a matrimonial site tracks my location through mutual friends.,0,0,1,0,0,0,354D IPC / 78 BNS,repeated unwanted contact/presence,Synthetic-Template,"[0, 0, 1, 0, 0, 0]",['ST']
WSL_0016,My internship supervisor keeps making comments implying I should be friendlier.,0,0,0,0,1,0,POSH Act Sec 2n,workplace harassment pattern,Synthetic-Template,"[0, 0, 0, 0, 1, 0]",['WH']
WSL_0731,A stranger at the market touched my hand inappropriately during a session.,0,1,0,0,0,0,354 IPC / 74 BNS,public/private harassment incident,Synthetic-Template,"[0, 1, 0, 0, 0, 0]",['SH']
WSL_0325,My mother-in-law grabbed me by the hair and hit my head against the wall. This has been going on for over a year.,1,0,0,0,0,0,498A IPC / 85 BNS,physical/verbal abuse pattern,Synthetic-Template,"[1, 0, 0, 0, 0, 0]",['DV']
WSL_0877,A stranger at the market pressed himself against me deliberately in a crowd.,0,1,0,0,0,0,354 IPC / 74 BNS,public/private harassment incident,Synthetic-Template,"[0, 1, 0, 0, 0, 0]",['SH']
WSL_0223,My neighbor touched me inappropriately and acted like nothing happened.,0,1,0,0,0,0,354 IPC / 74 BNS,public/private harassment incident,Synthetic-Template,"[0, 1, 0, 0, 0, 0]",['SH']
WSL_0180,A senior colleague makes inappropriate comments about my appearance in front of the entire team.,0,1,0,0,1,0,354A IPC / POSH Act,combined SH and WH,Synthetic-Template,"[0, 1, 0, 0, 1, 0]","['SH', 'WH']"
WSL_0100,A coworker cornered me in the pantry inappropriately.,0,0,0,0,1,0,POSH Act Sec 2n,workplace harassment pattern,Synthetic-Template,"[0, 0, 0, 0, 1, 0]",['WH']
WSL_0522,My husband's family pushes and shoves me during every argument. It happens almost every week.,1,0,0,0,0,0,498A IPC / 85 BNS,physical/verbal abuse pattern,Synthetic-Template,"[1, 0, 0, 0, 0, 0]",['DV']
WSL_0023,My internship supervisor touched my shoulder inappropriately when alone.,0,0,0,0,1,0,POSH Act Sec 2n,workplace harassment pattern,Synthetic-Template,"[0, 0, 0, 0, 1, 0]",['WH']
WSL_0357,My boss excludes me from meetings since I rejected his advances.,0,0,0,0,1,0,POSH Act Sec 2n,workplace harassment pattern,Synthetic-Template,"[0, 0, 0, 0, 1, 0]",['WH']
WSL_0774,A man I rejected recorded me without consent and threatened to post it.,0,0,0,1,0,0,66E IT Act / 77 BNS,digital harassment/privacy violation,Synthetic-Template,"[0, 0, 0, 1, 0, 0]",['CA']
WSL_0994,A senior colleague keeps asking me to stay back late alone with him.,0,0,0,0,1,0,POSH Act Sec 2n,workplace harassment pattern,Synthetic-Template,"[0, 0, 0, 0, 1, 0]",['WH']
WSL_1010,"My husband recently found out I was talking to my sister on the phone and he beat me for it, saying I wasn't allowed contact with my family.",1,0,0,0,0,0,498A IPC / DV Act Sec 3,diverse narrative style,Synthetic-Diverse,"[1, 0, 0, 0, 0, 0]",['DV']
WSL_0341,A stranger at the market made suggestive comments while collecting money.,0,1,0,0,0,0,354 IPC / 74 BNS,public/private harassment incident,Synthetic-Template,"[0, 1, 0, 0, 0, 0]",['SH']
WSL_0432,A man I rejected on a matrimonial site waits outside my house every morning.,0,0,1,0,0,0,354D IPC / 78 BNS,repeated unwanted contact/presence,Synthetic-Template,"[0, 0, 1, 0, 0, 0]",['ST']
WSL_0860,My ex waits outside my house daily and now sends me threatening messages online.,0,0,1,1,0,0,354D IPC / IT Act,combined ST and CA,Synthetic-Template,"[0, 0, 1, 1, 0, 0]","['ST', 'CA']"
WSL_0962,A classmate appears at my gym at the exact same time every day.,0,0,1,0,0,0,354D IPC / 78 BNS,repeated unwanted contact/presence,Synthetic-Template,"[0, 0, 1, 0, 0, 0]",['ST']
WSL_0204,A stranger at the market forced himself on me despite me saying no clearly.,0,1,0,0,0,0,354 IPC / 74 BNS,public/private harassment incident,Synthetic-Template,"[0, 1, 0, 0, 0, 0]",['SH']
WSL_0733,Someone from my past made lewd comments about me publicly online and also threatened to find where I live.,0,1,0,1,0,0,509 IPC / IT Act Sec 67,combined SH and CA,Synthetic-Template,"[0, 1, 0, 1, 0, 0]","['SH', 'CA']"
WSL_0094,My neighbor left notes on my car every day for two weeks.,0,0,1,0,0,0,354D IPC / 78 BNS,repeated unwanted contact/presence,Synthetic-Template,"[0, 0, 1, 0, 0, 0]",['ST']
WSL_1057,My personal address and phone number were posted in a public forum along with derogatory comments about me.,0,0,0,1,0,0,IT Act Sec 66,diverse narrative style,Synthetic-Diverse,"[0, 0, 0, 1, 0, 0]",['CA']
WSL_0069,My brother-in-law pushes and shoves me during every argument. It happens almost every week.,1,0,0,0,0,0,498A IPC / 85 BNS,physical/verbal abuse pattern,Synthetic-Template,"[1, 0, 0, 0, 0, 0]",['DV']
WSL_0724,My former colleague recorded me without consent and threatened to post it.,0,0,0,1,0,0,66E IT Act / 77 BNS,digital harassment/privacy violation,Synthetic-Template,"[0, 0, 0, 1, 0, 0]",['CA']
WSL_0285,My team lead keeps asking me to stay back late alone with him.,0,0,0,0,1,0,POSH Act Sec 2n,workplace harassment pattern,Synthetic-Template,"[0, 0, 0, 0, 1, 0]",['WH']
WSL_0927,My husband's family have been cruel to me since marriage and are threatening to take custody of my children.,1,0,0,0,0,1,498A IPC / case-specific,combined DV and OV,Synthetic-Template,"[1, 0, 0, 0, 0, 1]","['DV', 'OV']"
WSL_0435,Someone I rejected online has been parking outside my workplace every evening.,0,0,1,0,0,0,354D IPC / 78 BNS,repeated unwanted contact/presence,Synthetic-Template,"[0, 0, 1, 0, 0, 0]",['ST']
WSL_0154,My manager keeps making sexual jokes and threatens my job when I complain.,0,1,0,0,1,0,354A IPC / POSH Act,combined SH and WH,Synthetic-Template,"[0, 1, 0, 0, 1, 0]","['SH', 'WH']"
WSL_0076,A man in the metro groped me and disappeared into the crowd.,0,1,0,0,0,0,354 IPC / 74 BNS,public/private harassment incident,Synthetic-Template,"[0, 1, 0, 0, 0, 0]",['SH']
WSL_0847,My in-laws burnt my hand during an argument. I am scared to go home most days now.,1,0,0,0,0,0,498A IPC / 85 BNS,physical/verbal abuse pattern,Synthetic-Template,"[1, 0, 0, 0, 0, 0]",['DV']
WSL_0581,My landlord made inappropriate comments during a private session.,0,1,0,0,0,0,354 IPC / 74 BNS,public/private harassment incident,Synthetic-Template,"[0, 1, 0, 0, 0, 0]",['SH']
WSL_0447,A stranger online waits outside my house daily and now sends me threatening messages online.,0,0,1,1,0,0,354D IPC / IT Act,combined ST and CA,Synthetic-Template,"[0, 0, 1, 1, 0, 0]","['ST', 'CA']"
WSL_0189,My husband's family hits me whenever he comes home drunk. It happens almost every week.,1,0,0,0,0,0,498A IPC / 85 BNS,physical/verbal abuse pattern,Synthetic-Template,"[1, 0, 0, 0, 0, 0]",['DV']
WSL_0272,My tuition teacher touched my hand inappropriately during a session.,0,1,0,0,0,0,354 IPC / 74 BNS,public/private harassment incident,Synthetic-Template,"[0, 1, 0, 0, 0, 0]",['SH']
WSL_0237,A man from my building sits outside my house in his car watching me.,0,0,1,0,0,0,354D IPC / 78 BNS,repeated unwanted contact/presence,Synthetic-Template,"[0, 0, 1, 0, 0, 0]",['ST']
WSL_0488,Someone from college tracks my location constantly and posted my photos without consent.,0,0,1,1,0,0,354D IPC / IT Act,combined ST and CA,Synthetic-Template,"[0, 0, 1, 1, 0, 0]","['ST', 'CA']"
WSL_1052,My email got compromised last week and whoever has access is now sending inappropriate messages to everyone in my contact list.,0,0,0,1,0,0,IT Act Sec 66 / 72,diverse narrative style,Synthetic-Diverse,"[0, 0, 0, 1, 0, 0]",['CA']
WSL_0560,A man on the street catcalled and followed me for several blocks.,0,1,0,0,0,0,354 IPC / 74 BNS,public/private harassment incident,Synthetic-Template,"[0, 1, 0, 0, 0, 0]",['SH']
WSL_0118,A client sends me inappropriate messages on our work chat.,0,0,0,0,1,0,POSH Act Sec 2n,workplace harassment pattern,Synthetic-Template,"[0, 0, 0, 0, 1, 0]",['WH']
WSL_0967,A man I rejected is spreading false rumors about me in group chats.,0,0,0,1,0,0,66E IT Act / 77 BNS,digital harassment/privacy violation,Synthetic-Template,"[0, 0, 0, 1, 0, 0]",['CA']
WSL_0513,A former colleague keeps calling me from different numbers.,0,0,1,0,0,0,354D IPC / 78 BNS,repeated unwanted contact/presence,Synthetic-Template,"[0, 0, 1, 0, 0, 0]",['ST']
WSL_0753,My husband throws things at me during arguments.,1,0,0,0,0,0,498A IPC / 85 BNS,physical/verbal abuse pattern,Synthetic-Template,"[1, 0, 0, 0, 0, 0]",['DV']
WSL_0751,My husband physically abuses me and is blackmailing me with our private videos.,1,0,0,1,0,0,498A IPC / 66E IT Act,combined DV and CA,Synthetic-Template,"[1, 0, 0, 1, 0, 0]","['DV', 'CA']"
WSL_0127,A delivery man made inappropriate comments during a private session.,0,1,0,0,0,0,354 IPC / 74 BNS,public/private harassment incident,Synthetic-Template,"[0, 1, 0, 0, 0, 0]",['SH']
WSL_0117,A man I rejected waits outside my house daily and posted my photos without consent.,0,0,1,1,0,0,354D IPC / IT Act,combined ST and CA,Synthetic-Template,"[0, 0, 1, 1, 0, 0]","['ST', 'CA']"
WSL_0474,A local group vandalized my shop and left a threatening note.,0,0,0,0,0,1,"Case-specific, not clearly mapped",requires further context,Synthetic-Template,"[0, 0, 0, 0, 0, 1]",['OV']
WSL_0801,A man on the bus tried to touch me before I managed to get away.,0,1,0,0,0,0,354 IPC / 74 BNS,public/private harassment incident,Synthetic-Template,"[0, 1, 0, 0, 0, 0]",['SH']
WSL_0058,A relative at a family function forcibly kissed me without my consent.,0,1,0,0,0,0,354 IPC / 74 BNS,public/private harassment incident,Synthetic-Template,"[0, 1, 0, 0, 0, 0]",['SH']
WSL_0604,Someone I rejected online keeps following me from college to my bus stop every day.,0,0,1,0,0,0,354D IPC / 78 BNS,repeated unwanted contact/presence,Synthetic-Template,"[0, 0, 1, 0, 0, 0]",['ST']
WSL_0782,My partner hits me regularly and leaked intimate photos to my family.,1,0,0,1,0,0,498A IPC / 66E IT Act,combined DV and CA,Synthetic-Template,"[1, 0, 0, 1, 0, 0]","['DV', 'CA']"
WSL_0106,My manager keeps asking me to stay back late alone with him.,0,0,0,0,1,0,POSH Act Sec 2n,workplace harassment pattern,Synthetic-Template,"[0, 0, 0, 0, 1, 0]",['WH']
WSL_0636,A man at the gym groped me and disappeared into the crowd.,0,1,0,0,0,0,354 IPC / 74 BNS,public/private harassment incident,Synthetic-Template,"[0, 1, 0, 0, 0, 0]",['SH']
WSL_0370,My brother-in-law forced me to sign over my property documents. This started right after our marriage.,1,0,0,0,0,0,498A IPC / 85 BNS,physical/verbal abuse pattern,Synthetic-Template,"[1, 0, 0, 0, 0, 0]",['DV']
WSL_0269,My ex-partner keeps sending me threatening messages after I stopped replying.,0,0,0,1,0,0,66E IT Act / 77 BNS,digital harassment/privacy violation,Synthetic-Template,"[0, 0, 0, 1, 0, 0]",['CA']
WSL_0047,A local group threw stones at my house after a dispute.,0,0,0,0,0,1,"Case-specific, not clearly mapped",requires further context,Synthetic-Template,"[0, 0, 0, 0, 0, 1]",['OV']
WSL_0350,A senior colleague made inappropriate physical contact during training.,0,0,0,0,1,0,POSH Act Sec 2n,workplace harassment pattern,Synthetic-Template,"[0, 0, 0, 0, 1, 0]",['WH']
WSL_0196,My supervisor touched me without consent and excludes me from meetings when I object.,0,1,0,0,1,0,354A IPC / POSH Act,combined SH and WH,Synthetic-Template,"[0, 1, 0, 0, 1, 0]","['SH', 'WH']"
WSL_0103,My mother-in-law pushed me down the stairs during a fight. It has gotten worse in the last few months.,1,0,0,0,0,0,498A IPC / 85 BNS,physical/verbal abuse pattern,Synthetic-Template,"[1, 0, 0, 0, 0, 0]",['DV']
WSL_0963,My father-in-law burnt my hand during an argument.,1,0,0,0,0,0,498A IPC / 85 BNS,physical/verbal abuse pattern,Synthetic-Template,"[1, 0, 0, 0, 0, 0]",['DV']
WSL_0918,An anonymous account is posting fake defamatory comments about me publicly.,0,0,0,1,0,0,66E IT Act / 77 BNS,digital harassment/privacy violation,Synthetic-Template,"[0, 0, 0, 1, 0, 0]",['CA']
WSL_0799,My family are threatening to harm me over a land dispute.,0,0,0,0,0,1,"Case-specific, not clearly mapped",requires further context,Synthetic-Template,"[0, 0, 0, 0, 0, 1]",['OV']
WSL_0853,An anonymous account hacked my social media account.,0,0,0,1,0,0,66E IT Act / 77 BNS,digital harassment/privacy violation,Synthetic-Template,"[0, 0, 0, 1, 0, 0]",['CA']
WSL_0264,My mother-in-law throws things at me during arguments.,1,0,0,0,0,0,498A IPC / 85 BNS,physical/verbal abuse pattern,Synthetic-Template,"[1, 0, 0, 0, 0, 0]",['DV']
WSL_0869,A relative at a family function kept staring and making explicit comments.,0,1,0,0,0,0,354 IPC / 74 BNS,public/private harassment incident,Synthetic-Template,"[0, 1, 0, 0, 0, 0]",['SH']
WSL_0444,My in-laws are threatening honor-based violence over my marriage choice.,0,0,0,0,0,1,"Case-specific, not clearly mapped",requires further context,Synthetic-Template,"[0, 0, 0, 0, 0, 1]",['OV']
WSL_0783,My husband's family verbally abuses me daily in front of relatives. This started right after our marriage.,1,0,0,0,0,0,498A IPC / 85 BNS,physical/verbal abuse pattern,Synthetic-Template,"[1, 0, 0, 0, 0, 0]",['DV']
WSL_0305,My husband and his mother pushes and shoves me during every argument. This has been going on for over a year.,1,0,0,0,0,0,498A IPC / 85 BNS,physical/verbal abuse pattern,Synthetic-Template,"[1, 0, 0, 0, 0, 0]",['DV']
WSL_0342,A man I rejected tracks my location constantly and posted my photos without consent.,0,0,1,1,0,0,354D IPC / IT Act,combined ST and CA,Synthetic-Template,"[0, 0, 1, 1, 0, 0]","['ST', 'CA']"
WSL_0866,Someone is threatening to post my private photos online.,0,0,0,1,0,0,66E IT Act / 77 BNS,digital harassment/privacy violation,Synthetic-Template,"[0, 0, 0, 1, 0, 0]",['CA']
WSL_0314,A stranger at the market tried to start inappropriate conversations repeatedly.,0,1,0,0,0,0,354 IPC / 74 BNS,public/private harassment incident,Synthetic-Template,"[0, 1, 0, 0, 0, 0]",['SH']
WSL_0150,My supervisor touched me without consent in front of the entire team.,0,1,0,0,1,0,354A IPC / POSH Act,combined SH and WH,Synthetic-Template,"[0, 1, 0, 0, 1, 0]","['SH', 'WH']"
WSL_0125,Someone from college created a fake profile using my photos to message my friends.,0,0,0,1,0,0,66E IT Act / 77 BNS,digital harassment/privacy violation,Synthetic-Template,"[0, 0, 0, 1, 0, 0]",['CA']
WSL_0908,A former colleague keeps following me from college to my bus stop every day.,0,0,1,0,0,0,354D IPC / 78 BNS,repeated unwanted contact/presence,Synthetic-Template,"[0, 0, 1, 0, 0, 0]",['ST']
WSL_0948,Someone leaked my private photos online.,0,0,0,1,0,0,66E IT Act / 77 BNS,digital harassment/privacy violation,Synthetic-Template,"[0, 0, 0, 1, 0, 0]",['CA']
WSL_0665,An anonymous account created a fake profile using my photos to message my friends.,0,0,0,1,0,0,66E IT Act / 77 BNS,digital harassment/privacy violation,Synthetic-Template,"[0, 0, 0, 1, 0, 0]",['CA']
WSL_0051,My father-in-law forced me to quit my job. It happens almost every week.,1,0,0,0,0,0,498A IPC / 85 BNS,physical/verbal abuse pattern,Synthetic-Template,"[1, 0, 0, 0, 0, 0]",['DV']
WSL_0354,My brother-in-law hits me whenever he comes home drunk. I am scared to go home most days now.,1,0,0,0,0,0,498A IPC / 85 BNS,physical/verbal abuse pattern,Synthetic-Template,"[1, 0, 0, 0, 0, 0]",['DV']
WSL_1085,"A relative made unwanted advances at a family function, and afterward began sending me inappropriate messages online.",0,1,0,1,0,0,354 IPC / IT Act,diverse multi-issue narrative,Synthetic-Diverse,"[0, 1, 0, 1, 0, 0]","['SH', 'CA']"
WSL_0143,My ex-boyfriend found my home address and shows up unannounced.,0,0,1,0,0,0,354D IPC / 78 BNS,repeated unwanted contact/presence,Synthetic-Template,"[0, 0, 1, 0, 0, 0]",['ST']
WSL_0471,A stranger online sends me sexually explicit messages despite me blocking multiple accounts.,0,1,0,1,0,0,509 IPC / IT Act Sec 67,combined SH and CA,Synthetic-Template,"[0, 1, 0, 1, 0, 0]","['SH', 'CA']"
WSL_0654,My ex-partner created a fake dating profile using my pictures.,0,0,0,1,0,0,66E IT Act / 77 BNS,digital harassment/privacy violation,Synthetic-Template,"[0, 0, 0, 1, 0, 0]",['CA']
WSL_0400,A man on the street kept staring and making explicit comments.,0,1,0,0,0,0,354 IPC / 74 BNS,public/private harassment incident,Synthetic-Template,"[0, 1, 0, 0, 0, 0]",['SH']
WSL_0727,A vendor at work shared inappropriate content about me in the team group chat.,0,0,0,0,1,0,POSH Act Sec 2n,workplace harassment pattern,Synthetic-Template,"[0, 0, 0, 0, 1, 0]",['WH']
WSL_0321,My driving instructor exposed himself to me in public.,0,1,0,0,0,0,354 IPC / 74 BNS,public/private harassment incident,Synthetic-Template,"[0, 1, 0, 0, 0, 0]",['SH']
WSL_0020,My in-laws beats me over small household matters.,1,0,0,0,0,0,498A IPC / 85 BNS,physical/verbal abuse pattern,Synthetic-Template,"[1, 0, 0, 0, 0, 0]",['DV']
WSL_0933,My ex-partner is threatening to leak my chats unless I pay money.,0,0,0,1,0,0,66E IT Act / 77 BNS,digital harassment/privacy violation,Synthetic-Template,"[0, 0, 0, 1, 0, 0]",['CA']
WSL_0912,A man on the bus tried to start inappropriate conversations repeatedly.,0,1,0,0,0,0,354 IPC / 74 BNS,public/private harassment incident,Synthetic-Template,"[0, 1, 0, 0, 0, 0]",['SH']
WSL_0932,My ex-partner hacked my social media account.,0,0,0,1,0,0,66E IT Act / 77 BNS,digital harassment/privacy violation,Synthetic-Template,"[0, 0, 0, 1, 0, 0]",['CA']
WSL_0408,A senior executive insists on private one-on-one meetings.,0,0,0,0,1,0,POSH Act Sec 2n,workplace harassment pattern,Synthetic-Template,"[0, 0, 0, 0, 1, 0]",['WH']
WSL_0538,My team lead cornered me in the pantry inappropriately.,0,0,0,0,1,0,POSH Act Sec 2n,workplace harassment pattern,Synthetic-Template,"[0, 0, 0, 0, 1, 0]",['WH']
WSL_0924,A senior at college made sexual comments about me in front of others.,0,1,0,0,0,0,354 IPC / 74 BNS,public/private harassment incident,Synthetic-Template,"[0, 1, 0, 0, 0, 0]",['SH']
WSL_0722,A man at the gym touched my hand inappropriately during a session.,0,1,0,0,0,0,354 IPC / 74 BNS,public/private harassment incident,Synthetic-Template,"[0, 1, 0, 0, 0, 0]",['SH']
WSL_0039,My father-in-law throws things at me during arguments.,1,0,0,0,0,0,498A IPC / 85 BNS,physical/verbal abuse pattern,Synthetic-Template,"[1, 0, 0, 0, 0, 0]",['DV']
WSL_0176,My physiotherapist tried to corner me and touch me against my will.,0,1,0,0,0,0,354 IPC / 74 BNS,public/private harassment incident,Synthetic-Template,"[0, 1, 0, 0, 0, 0]",['SH']
WSL_0246,Someone is threatening to leak my chats unless I pay money.,0,0,0,1,0,0,66E IT Act / 77 BNS,digital harassment/privacy violation,Synthetic-Template,"[0, 0, 0, 1, 0, 0]",['CA']
WSL_1044,He shows up uninvited to every social gathering he somehow finds out I'll be attending.,0,0,1,0,0,0,354D IPC,diverse narrative style,Synthetic-Diverse,"[0, 0, 1, 0, 0, 0]",['ST']
WSL_0775,Someone from my past made lewd comments about me publicly online and knows personal details about me.,0,1,0,1,0,0,509 IPC / IT Act Sec 67,combined SH and CA,Synthetic-Template,"[0, 1, 0, 1, 0, 0]","['SH', 'CA']"
WSL_0973,My brother-in-law threatened to kill me if I told my parents. This has been going on for over a year.,1,0,0,0,0,0,498A IPC / 85 BNS,physical/verbal abuse pattern,Synthetic-Template,"[1, 0, 0, 0, 0, 0]",['DV']
WSL_0991,My team lead keeps making sexual jokes and threatens my job when I complain.,0,1,0,0,1,0,354A IPC / POSH Act,combined SH and WH,Synthetic-Template,"[0, 1, 0, 0, 1, 0]","['SH', 'WH']"
WSL_0155,A man I rejected keeps following me everywhere I go and also created a fake profile to message me.,0,0,1,1,0,0,354D IPC / IT Act,combined ST and CA,Synthetic-Template,"[0, 0, 1, 1, 0, 0]","['ST', 'CA']"
WSL_0639,My in-laws forced me to sign over my property documents. It has gotten worse in the last few months.,1,0,0,0,0,0,498A IPC / 85 BNS,physical/verbal abuse pattern,Synthetic-Template,"[1, 0, 0, 0, 0, 0]",['DV']
WSL_0663,A man I rejected on a matrimonial site keeps contacting my family members.,0,0,1,0,0,0,354D IPC / 78 BNS,repeated unwanted contact/presence,Synthetic-Template,"[0, 0, 1, 0, 0, 0]",['ST']
WSL_0288,My physiotherapist made inappropriate comments during a private session.,0,1,0,0,0,0,354 IPC / 74 BNS,public/private harassment incident,Synthetic-Template,"[0, 1, 0, 0, 0, 0]",['SH']
WSL_0626,My tuition teacher forced himself on me despite me saying no clearly.,0,1,0,0,0,0,354 IPC / 74 BNS,public/private harassment incident,Synthetic-Template,"[0, 1, 0, 0, 0, 0]",['SH']
WSL_0686,My tuition teacher kept staring and making explicit comments.,0,1,0,0,0,0,354 IPC / 74 BNS,public/private harassment incident,Synthetic-Template,"[0, 1, 0, 0, 0, 0]",['SH']
WSL_1036,"I blocked him on every platform I could think of, but he keeps creating new accounts just to message me.",0,0,1,0,0,0,354D IPC,diverse narrative style,Synthetic-Diverse,"[0, 0, 1, 0, 0, 0]",['ST']
WSL_0570,My landlord touched me inappropriately and acted like nothing happened.,0,1,0,0,0,0,354 IPC / 74 BNS,public/private harassment incident,Synthetic-Template,"[0, 1, 0, 0, 0, 0]",['SH']
WSL_1086,My manager has been isolating me from team projects and separately making comments about my personal life that feel invasive.,0,0,0,0,1,0,POSH Act Sec 2n,diverse multi-issue narrative,Synthetic-Diverse,"[0, 0, 0, 0, 1, 0]",['WH']
WSL_0018,A man in the metro tried to start inappropriate conversations repeatedly.,0,1,0,0,0,0,354 IPC / 74 BNS,public/private harassment incident,Synthetic-Template,"[0, 1, 0, 0, 0, 0]",['SH']
WSL_0128,A man at the gym exposed himself to me in public.,0,1,0,0,0,0,354 IPC / 74 BNS,public/private harassment incident,Synthetic-Template,"[0, 1, 0, 0, 0, 0]",['SH']
WSL_0323,My former colleague keeps sending me threatening messages after I stopped replying.,0,0,0,1,0,0,66E IT Act / 77 BNS,digital harassment/privacy violation,Synthetic-Template,"[0, 0, 0, 1, 0, 0]",['CA']
WSL_0256,My family are pressuring me into a marriage I don't want.,0,0,0,0,0,1,"Case-specific, not clearly mapped",requires further context,Synthetic-Template,"[0, 0, 0, 0, 0, 1]",['OV']
WSL_0762,A man at the gym catcalled and followed me for several blocks.,0,1,0,0,0,0,354 IPC / 74 BNS,public/private harassment incident,Synthetic-Template,"[0, 1, 0, 0, 0, 0]",['SH']
WSL_1070,"There's an ongoing property dispute in my family, and my relatives have started sending people to intimidate me into signing over my share.",0,0,0,0,0,1,Case-specific,diverse narrative style,Synthetic-Diverse,"[0, 0, 0, 0, 0, 1]",['OV']
WSL_0191,A delivery man exposed himself to me in public.,0,1,0,0,0,0,354 IPC / 74 BNS,public/private harassment incident,Synthetic-Template,"[0, 1, 0, 0, 0, 0]",['SH']
WSL_0116,My former colleague is posting fake defamatory comments about me publicly.,0,0,0,1,0,0,66E IT Act / 77 BNS,digital harassment/privacy violation,Synthetic-Template,"[0, 0, 0, 1, 0, 0]",['CA']
WSL_1065,"A visiting client made an inappropriate remark during a meeting, and when I mentioned it to my manager, I was told to 'let it go' for the business relationship.",0,0,0,0,1,0,POSH Act Sec 2n,diverse narrative style,Synthetic-Diverse,"[0, 0, 0, 0, 1, 0]",['WH']
WSL_0718,My supervisor makes inappropriate comments about my appearance and threatens my job when I complain.,0,1,0,0,1,0,354A IPC / POSH Act,combined SH and WH,Synthetic-Template,"[0, 1, 0, 0, 1, 0]","['SH', 'WH']"
WSL_0607,A client shared inappropriate content about me in the team group chat.,0,0,0,0,1,0,POSH Act Sec 2n,workplace harassment pattern,Synthetic-Template,"[0, 0, 0, 0, 1, 0]",['WH']
WSL_0181,My neighbor forced himself on me despite me saying no clearly.,0,1,0,0,0,0,354 IPC / 74 BNS,public/private harassment incident,Synthetic-Template,"[0, 1, 0, 0, 0, 0]",['SH']
WSL_0302,Someone I rejected online sits outside my house in his car watching me.,0,0,1,0,0,0,354D IPC / 78 BNS,repeated unwanted contact/presence,Synthetic-Template,"[0, 0, 1, 0, 0, 0]",['ST']
WSL_0878,A guest at a party touched my hand inappropriately during a session.,0,1,0,0,0,0,354 IPC / 74 BNS,public/private harassment incident,Synthetic-Template,"[0, 1, 0, 0, 0, 0]",['SH']
WSL_0825,A stranger at the market made sexual comments about me in front of others.,0,1,0,0,0,0,354 IPC / 74 BNS,public/private harassment incident,Synthetic-Template,"[0, 1, 0, 0, 0, 0]",['SH']
WSL_0838,A local group ostracized my family after I filed a complaint.,0,0,0,0,0,1,"Case-specific, not clearly mapped",requires further context,Synthetic-Template,"[0, 0, 0, 0, 0, 1]",['OV']
WSL_0793,My in-laws keeps a knife in the house and threatens me with it. I am scared to go home most days now.,1,0,0,0,0,0,498A IPC / 85 BNS,physical/verbal abuse pattern,Synthetic-Template,"[1, 0, 0, 0, 0, 0]",['DV']
WSL_0964,A man from my building appears at my gym at the exact same time every day.,0,0,1,0,0,0,354D IPC / 78 BNS,repeated unwanted contact/presence,Synthetic-Template,"[0, 0, 1, 0, 0, 0]",['ST']
WSL_0518,My supervisor insists on private one-on-one meetings.,0,0,0,0,1,0,POSH Act Sec 2n,workplace harassment pattern,Synthetic-Template,"[0, 0, 0, 0, 1, 0]",['WH']
WSL_0373,A senior at college forcibly kissed me without my consent.,0,1,0,0,0,0,354 IPC / 74 BNS,public/private harassment incident,Synthetic-Template,"[0, 1, 0, 0, 0, 0]",['SH']
WSL_0046,A man I don't know keeps calling me from different numbers.,0,0,1,0,0,0,354D IPC / 78 BNS,repeated unwanted contact/presence,Synthetic-Template,"[0, 0, 1, 0, 0, 0]",['ST']
WSL_0477,My husband hits me whenever he comes home drunk. I am scared to go home most days now.,1,0,0,0,0,0,498A IPC / 85 BNS,physical/verbal abuse pattern,Synthetic-Template,"[1, 0, 0, 0, 0, 0]",['DV']
WSL_0158,My husband's family threatens to throw me out of the house. I am scared to go home most days now.,1,0,0,0,0,0,498A IPC / 85 BNS,physical/verbal abuse pattern,Synthetic-Template,"[1, 0, 0, 0, 0, 0]",['DV']
WSL_0862,My in-laws pushed me down the stairs during a fight.,1,0,0,0,0,0,498A IPC / 85 BNS,physical/verbal abuse pattern,Synthetic-Template,"[1, 0, 0, 0, 0, 0]",['DV']
WSL_0172,Someone from college tracks my location constantly and also created a fake profile to message me.,0,0,1,1,0,0,354D IPC / IT Act,combined ST and CA,Synthetic-Template,"[0, 0, 1, 1, 0, 0]","['ST', 'CA']"
WSL_0017,A relative at a family function pressed himself against me deliberately in a crowd.,0,1,0,0,0,0,354 IPC / 74 BNS,public/private harassment incident,Synthetic-Template,"[0, 1, 0, 0, 0, 0]",['SH']
WSL_0512,My in-laws locked me inside the house for days. This has been going on for over a year.,1,0,0,0,0,0,498A IPC / 85 BNS,physical/verbal abuse pattern,Synthetic-Template,"[1, 0, 0, 0, 0, 0]",['DV']
WSL_0049,My driving instructor touched me inappropriately and acted like nothing happened.,0,1,0,0,0,0,354 IPC / 74 BNS,public/private harassment incident,Synthetic-Template,"[0, 1, 0, 0, 0, 0]",['SH']
WSL_0192,A stranger at the market made inappropriate comments during a private session.,0,1,0,0,0,0,354 IPC / 74 BNS,public/private harassment incident,Synthetic-Template,"[0, 1, 0, 0, 0, 0]",['SH']
WSL_0971,Someone from college recorded me without consent and threatened to post it.,0,0,0,1,0,0,66E IT Act / 77 BNS,digital harassment/privacy violation,Synthetic-Template,"[0, 0, 0, 1, 0, 0]",['CA']
WSL_0516,My ex-boyfriend keeps messaging me obsessively despite being blocked.,0,0,1,0,0,0,354D IPC / 78 BNS,repeated unwanted contact/presence,Synthetic-Template,"[0, 0, 1, 0, 0, 0]",['ST']
WSL_0788,My partner physically abuses me and threatened to post my private photos online.,1,0,0,1,0,0,498A IPC / 66E IT Act,combined DV and CA,Synthetic-Template,"[1, 0, 0, 1, 0, 0]","['DV', 'CA']"
WSL_0794,My ex-boyfriend is threatening to post my private photos online.,0,0,0,1,0,0,66E IT Act / 77 BNS,digital harassment/privacy violation,Synthetic-Template,"[0, 0, 0, 1, 0, 0]",['CA']
WSL_0481,A senior at college groped me and disappeared into the crowd.,0,1,0,0,0,0,354 IPC / 74 BNS,public/private harassment incident,Synthetic-Template,"[0, 1, 0, 0, 0, 0]",['SH']
WSL_0284,My in-laws threatened to disown me over my relationship choice.,0,0,0,0,0,1,"Case-specific, not clearly mapped",requires further context,Synthetic-Template,"[0, 0, 0, 0, 0, 1]",['OV']
WSL_0831,A senior executive made inappropriate physical contact during training.,0,0,0,0,1,0,POSH Act Sec 2n,workplace harassment pattern,Synthetic-Template,"[0, 0, 0, 0, 1, 0]",['WH']
WSL_0759,A client threatened a bad review if I didn't meet him outside work.,0,0,0,0,1,0,POSH Act Sec 2n,workplace harassment pattern,Synthetic-Template,"[0, 0, 0, 0, 1, 0]",['WH']
WSL_0226,My husband slaps me in front of the children.,1,0,0,0,0,0,498A IPC / 85 BNS,physical/verbal abuse pattern,Synthetic-Template,"[1, 0, 0, 0, 0, 0]",['DV']
WSL_0027,A man from my building watches my house through his window constantly.,0,0,1,0,0,0,354D IPC / 78 BNS,repeated unwanted contact/presence,Synthetic-Template,"[0, 0, 1, 0, 0, 0]",['ST']
WSL_0904,A former colleague found my home address and shows up unannounced.,0,0,1,0,0,0,354D IPC / 78 BNS,repeated unwanted contact/presence,Synthetic-Template,"[0, 0, 1, 0, 0, 0]",['ST']
WSL_0438,A coworker insists on private one-on-one meetings.,0,0,0,0,1,0,POSH Act Sec 2n,workplace harassment pattern,Synthetic-Template,"[0, 0, 0, 0, 1, 0]",['WH']
WSL_1059,"I've been putting off saying anything, but my manager has made several comments over the past month that felt inappropriate and made me uncomfortable.",0,0,0,0,1,0,POSH Act Sec 2n,diverse narrative style,Synthetic-Diverse,"[0, 0, 0, 0, 1, 0]",['WH']
WSL_0365,My community threatened to disown me over my relationship choice.,0,0,0,0,0,1,"Case-specific, not clearly mapped",requires further context,Synthetic-Template,"[0, 0, 0, 0, 0, 1]",['OV']
WSL_0230,My husband controls my finances and beats me and threatened to post my private photos online.,1,0,0,1,0,0,498A IPC / 66E IT Act,combined DV and CA,Synthetic-Template,"[1, 0, 0, 1, 0, 0]","['DV', 'CA']"
WSL_0038,A stranger online created a fake dating profile using my pictures.,0,0,0,1,0,0,66E IT Act / 77 BNS,digital harassment/privacy violation,Synthetic-Template,"[0, 0, 0, 1, 0, 0]",['CA']
WSL_0670,My neighbor groped me and disappeared into the crowd.,0,1,0,0,0,0,354 IPC / 74 BNS,public/private harassment incident,Synthetic-Template,"[0, 1, 0, 0, 0, 0]",['SH']
WSL_1071,"Since I began a relationship my family disapproves of, I've received several indirect threats through relatives about what might happen to me.",0,0,0,0,0,1,Case-specific,diverse narrative style,Synthetic-Diverse,"[0, 0, 0, 0, 0, 1]",['OV']
WSL_0375,Someone from college keeps following me everywhere I go and posted my photos without consent.,0,0,1,1,0,0,354D IPC / IT Act,combined ST and CA,Synthetic-Template,"[0, 0, 1, 1, 0, 0]","['ST', 'CA']"
WSL_0470,A guest at a party tried to start inappropriate conversations repeatedly.,0,1,0,0,0,0,354 IPC / 74 BNS,public/private harassment incident,Synthetic-Template,"[0, 1, 0, 0, 0, 0]",['SH']
WSL_1072,A group in my village has been pressuring my family after we refused to comply with a decision made by local elders.,0,0,0,0,0,1,Case-specific,diverse narrative style,Synthetic-Diverse,"[0, 0, 0, 0, 0, 1]",['OV']
WSL_0688,A senior at college made suggestive comments while collecting money.,0,1,0,0,0,0,354 IPC / 74 BNS,public/private harassment incident,Synthetic-Template,"[0, 1, 0, 0, 0, 0]",['SH']
WSL_0982,Someone I rejected online tracks my location through mutual friends.,0,0,1,0,0,0,354D IPC / 78 BNS,repeated unwanted contact/presence,Synthetic-Template,"[0, 0, 1, 0, 0, 0]",['ST']
WSL_0814,My in-laws have been cruel to me since marriage and are threatening to take custody of my children.,1,0,0,0,0,1,498A IPC / case-specific,combined DV and OV,Synthetic-Template,"[1, 0, 0, 0, 0, 1]","['DV', 'OV']"
WSL_1055,"I keep receiving explicit images from unknown numbers no matter how many I block, and it's happening almost daily now.",0,0,0,1,0,0,67 IT Act,diverse narrative style,Synthetic-Diverse,"[0, 0, 0, 1, 0, 0]",['CA']
WSL_0195,A man on the street forced himself on me despite me saying no clearly.,0,1,0,0,0,0,354 IPC / 74 BNS,public/private harassment incident,Synthetic-Template,"[0, 1, 0, 0, 0, 0]",['SH']
WSL_0987,My supervisor keeps commenting on my appearance during meetings.,0,0,0,0,1,0,POSH Act Sec 2n,workplace harassment pattern,Synthetic-Template,"[0, 0, 0, 0, 1, 0]",['WH']
WSL_0997,A local group are threatening my life over an inheritance dispute.,0,0,0,0,0,1,"Case-specific, not clearly mapped",requires further context,Synthetic-Template,"[0, 0, 0, 0, 0, 1]",['OV']
WSL_0504,A stranger at the market catcalled and followed me for several blocks.,0,1,0,0,0,0,354 IPC / 74 BNS,public/private harassment incident,Synthetic-Template,"[0, 1, 0, 0, 0, 0]",['SH']
WSL_1073,My in-laws are threatening legal and physical consequences if I don't withdraw a case I filed against a family member.,0,0,0,0,0,1,Case-specific,diverse narrative style,Synthetic-Diverse,"[0, 0, 0, 0, 0, 1]",['OV']
WSL_0959,A stranger online is sending me rape threats through anonymous accounts.,0,0,0,1,0,0,66E IT Act / 77 BNS,digital harassment/privacy violation,Synthetic-Template,"[0, 0, 0, 1, 0, 0]",['CA']
